01234 1
01235 4
01236 4
01237 3
01238 4
01239 4
01243 3
01245 4
01246 4
01247 3
01248 4
01249 5
01253 4
01254 4
01256 4
01257 5
01258 5
01259 4
01263 3
01264 4
01265 4
01267 3
01268 4
01269 5
01273 4
01274 4
01275 4
01276 4
01278 4
01279 5
01283 5
01284 4
01285 5
01286 5
01287 5
01289 5
01293 4
01294 5
01295 5
01296 4
01297 4
01298 5
01324 3
01325 5
01326 5
01327 5
01328 4
01329 5
01342 2
01345 4
01346 5
01347 4
01348 5
01349 5
01352 5
01354 3
01356 2
01357 4
01358 5
01359 4
01362 5
01364 3
01365 4
01367 4
01368 4
01369 5
01372 5
01374 4
01375 3
01376 4
01378 5
01379 5
01382 5
01384 4
01385 4
01386 4
01387 5
01389 5
01392 5
01394 4
01395 5
01396 4
01397 5
01398 4
01423 4
01425 4
01426 5
01427 4
01428 6
01429 5
01432 5
01435 4
01436 4
01437 4
01438 4
01439 4
01452 5
01453 5
01456 4
01457 5
01458 5
01459 5
01462 5
01463 6
01465 5
01467 5
01468 5
01469 5
01472 5
01473 5
01475 5
01476 4
01478 5
01479 5
01482 5
01483 4
01485 4
01486 4
01487 4
01489 5
01492 5
01493 5
01495 5
01496 5
01497 5
01498 5
01523 5
01524 5
01526 5
01527 6
01528 5
01529 5
01532 4
01534 3
01536 4
01537 5
01538 4
01539 4
01542 5
01543 5
01546 5
01547 6
01548 5
01549 5
01562 5
01563 4
01564 5
01567 4
01568 5
01569 5
01572 5
01573 4
01574 5
01576 4
01578 5
01579 4
01582 4
01583 5
01584 4
01586 5
01587 5
01589 5
01592 5
01593 4
01594 4
01596 5
01597 4
01598 5
01623 6
01624 5
01625 5
01627 5
01628 6
01629 5
01632 4
01634 4
01635 5
01637 4
01638 5
01639 5
01642 5
01643 5
01645 5
01647 5
01648 6
01649 5
01652 5
01653 3
01654 5
01657 4
01658 5
01659 5
01672 5
01673 4
01674 4
01675 5
01678 5
01679 5
01682 6
01683 5
01684 4
01685 5
01687 5
01689 4
01692 6
01693 5
01694 4
01695 5
01697 4
01698 5
01723 5
01724 4
01725 6
01726 5
01728 5
01729 5
01732 4
01734 4
01735 5
01736 4
01738 5
01739 5
01742 5
01743 4
01745 6
01746 4
01748 5
01749 5
01752 5
01753 4
01754 4
01756 4
01758 5
01759 4
01762 5
01763 4
01764 4
01765 4
01768 5
01769 5
01782 5
01783 5
01784 5
01785 5
01786 6
01789 4
01792 5
01793 6
01794 4
01795 5
01796 5
01798 5
01823 5
01824 4
01825 5
01826 4
01827 5
01829 5
01832 4
01834 3
01835 4
01836 4
01837 4
01839 4
01842 5
01843 4
01845 5
01846 4
01847 4
01849 5
01852 4
01853 4
01854 4
01856 5
01857 5
01859 5
01862 5
01863 4
01864 4
01865 5
01867 5
01869 5
01872 5
01873 5
01874 4
01875 5
01876 5
01879 5
01892 4
01893 6
01894 3
01895 5
01896 5
01897 5
01923 5
01924 5
01925 5
01926 5
01927 5
01928 5
01932 5
01934 4
01935 4
01936 4
01937 4
01938 5
01942 5
01943 5
01945 5
01946 5
01947 5
01948 5
01952 5
01953 5
01954 5
01956 5
01957 5
01958 5
01962 5
01963 4
01964 5
01965 6
01967 5
01968 5
01972 5
01973 5
01974 5
01975 5
01976 5
01978 5
01982 5
01983 5
01984 5
01985 6
01986 4
01987 5
02134 3
02135 4
02136 4
02137 5
02138 5
02139 5
02143 3
02145 5
02146 5
02147 5
02148 5
02149 5
02153 4
02154 5
02156 5
02157 6
02158 5
02159 5
02163 5
02164 4
02165 5
02167 6
02168 6
02169 6
02173 6
02174 4
02175 6
02176 6
02178 5
02179 6
02183 6
02184 5
02185 5
02186 5
02187 5
02189 5
02193 5
02194 5
02195 5
02196 5
02197 5
02198 6
02314 4
02315 5
02316 3
02317 5
02318 5
02319 6
02341 3
02345 4
02346 4
02347 4
02348 5
02349 5
02351 4
02354 4
02356 4
02357 4
02358 4
02359 5
02361 5
02364 4
02365 5
02367 5
02368 5
02369 5
02371 5
02374 5
02375 5
02376 5
02378 5
02379 5
02381 5
02384 5
02385 6
02386 4
02387 4
02389 5
02391 6
02394 5
02395 6
02396 5
02397 4
02398 5
02413 3
02415 6
02416 6
02417 4
02418 6
02419 6
02431 3
02435 3
02436 4
02437 5
02438 4
02439 5
02451 6
02453 5
02456 5
02457 5
02458 5
02459 5
02461 6
02463 5
02465 5
02467 5
02468 5
02469 5
02471 6
02473 6
02475 6
02476 4
02478 5
02479 5
02481 6
02483 5
02485 5
02486 5
02487 5
02489 5
02491 6
02493 5
02495 6
02496 5
02497 5
02498 5
02513 5
02514 5
02516 5
02517 6
02518 6
02519 6
02531 5
02534 4
02536 5
02537 5
02538 6
02539 6
02541 5
02543 4
02546 5
02547 6
02548 5
02549 5
02561 6
02563 5
02564 6
02567 2
02568 4
02569 4
02571 5
02573 5
02574 5
02576 5
02578 5
02579 5
02581 6
02583 5
02584 6
02586 4
02587 4
02589 5
02591 6
02593 6
02594 5
02596 4
02597 4
02598 5
02613 5
02614 5
02615 5
02617 6
02618 6
02619 6
02631 5
02634 5
02635 5
02637 5
02638 5
02639 5
02641 5
02643 5
02645 6
02647 6
02648 6
02649 4
02651 5
02653 6
02654 5
02657 3
02658 5
02659 5
02671 6
02673 5
02674 5
02675 4
02678 5
02679 4
02681 5
02683 6
02684 5
02685 5
02687 5
02689 6
02691 5
02693 6
02694 5
02695 5
02697 5
02698 5
02713 6
02714 4
02715 6
02716 6
02718 6
02719 4
02731 5
02734 4
02735 5
02736 5
02738 5
02739 6
02741 4
02743 5
02745 6
02746 6
02748 5
02749 5
02751 6
02753 6
02754 5
02756 5
02758 5
02759 5
02761 6
02763 6
02764 5
02765 4
02768 4
02769 5
02781 4
02783 5
02784 5
02785 5
02786 5
02789 5
02791 5
02793 6
02794 5
02795 5
02796 5
02798 5
02813 5
02814 4
02815 6
02816 5
02817 5
02819 4
02831 5
02834 5
02835 6
02836 6
02837 5
02839 6
02841 4
02843 5
02845 5
02846 6
02847 5
02849 5
02851 5
02853 5
02854 5
02856 5
02857 5
02859 6
02861 5
02863 6
02864 5
02865 4
02867 4
02869 4
02871 6
02873 5
02874 4
02875 5
02876 5
02879 6
02891 6
02893 5
02894 5
02895 6
02896 6
02897 5
02913 5
02914 5
02915 7
02916 5
02917 5
02918 5
02931 5
02934 5
02935 5
02936 6
02937 6
02938 6
02941 5
02943 5
02945 6
02946 5
02947 6
02948 6
02951 6
02953 6
02954 5
02956 5
02957 5
02958 6
02961 5
02963 6
02964 5
02965 5
02967 5
02968 5
02971 5
02973 5
02974 4
02975 6
02976 5
02978 5
02981 6
02983 5
02984 5
02985 6
02986 6
02987 5
03124 4
03125 4
03126 5
03127 5
03128 6
03129 6
03142 4
03145 5
03146 4
03147 4
03148 5
03149 6
03152 5
03154 5
03156 4
03157 5
03158 5
03159 5
03162 5
03164 4
03165 4
03167 6
03168 5
03169 5
03172 5
03174 4
03175 5
03176 5
03178 6
03179 6
03182 6
03184 4
03185 6
03186 5
03187 6
03189 6
03192 7
03194 5
03195 5
03196 5
03197 6
03198 6
03214 4
03215 4
03216 5
03217 4
03218 4
03219 5
03241 4
03245 3
03246 4
03247 4
03248 4
03249 5
03251 5
03254 5
03256 4
03257 5
03258 6
03259 6
03261 4
03264 5
03265 5
03267 5
03268 4
03269 5
03271 5
03274 4
03275 6
03276 5
03278 5
03279 5
03281 4
03284 4
03285 6
03286 5
03287 6
03289 5
03291 5
03294 4
03295 6
03296 5
03297 6
03298 6
03412 4
03415 5
03416 5
03417 6
03418 5
03419 5
03421 4
03425 5
03426 5
03427 6
03428 5
03429 5
03451 5
03452 5
03456 5
03457 5
03458 4
03459 5
03461 5
03462 6
03465 6
03467 5
03468 5
03469 5
03471 5
03472 5
03475 5
03476 6
03478 6
03479 4
03481 6
03482 5
03485 6
03486 6
03487 5
03489 5
03491 6
03492 6
03495 6
03496 5
03497 5
03498 6
03512 5
03514 5
03516 5
03517 6
03518 6
03519 6
03521 5
03524 4
03526 5
03527 6
03528 6
03529 6
03541 4
03542 5
03546 4
03547 6
03548 6
03549 6
03561 3
03562 6
03564 5
03567 4
03568 5
03569 5
03571 5
03572 5
03574 6
03576 5
03578 5
03579 5
03581 6
03582 6
03584 5
03586 5
03587 5
03589 5
03591 5
03592 6
03594 5
03596 6
03597 4
03598 5
03612 5
03614 5
03615 4
03617 4
03618 5
03619 6
03621 4
03624 4
03625 5
03627 5
03628 5
03629 6
03641 5
03642 5
03645 5
03647 6
03648 5
03649 6
03651 5
03652 6
03654 5
03657 6
03658 5
03659 5
03671 5
03672 6
03674 5
03675 5
03678 4
03679 4
03681 5
03682 6
03684 6
03685 5
03687 6
03689 4
03691 5
03692 6
03694 5
03695 6
03697 5
03698 5
03712 6
03714 4
03715 6
03716 6
03718 6
03719 6
03721 6
03724 4
03725 6
03726 6
03728 5
03729 5
03741 5
03742 5
03745 5
03746 6
03748 6
03749 5
03751 5
03752 6
03754 5
03756 4
03758 6
03759 5
03761 6
03762 6
03764 5
03765 5
03768 5
03769 5
03781 7
03782 6
03784 4
03785 5
03786 5
03789 5
03791 6
03792 6
03794 6
03795 4
03796 5
03798 5
03812 5
03814 4
03815 5
03816 5
03817 6
03819 6
03821 5
03824 5
03825 6
03826 6
03827 6
03829 4
03841 5
03842 5
03845 6
03846 6
03847 5
03849 5
03851 5
03852 6
03854 5
03856 5
03857 5
03859 5
03861 6
03862 6
03864 6
03865 5
03867 5
03869 5
03871 6
03872 5
03874 3
03875 6
03876 6
03879 5
03891 6
03892 6
03894 4
03895 5
03896 5
03897 4
03912 6
03914 5
03915 5
03916 6
03917 6
03918 6
03921 5
03924 4
03925 6
03926 5
03927 6
03928 6
03941 5
03942 5
03945 6
03946 6
03947 5
03948 6
03951 5
03952 6
03954 5
03956 5
03957 5
03958 5
03961 6
03962 6
03964 6
03965 5
03967 5
03968 4
03971 7
03972 6
03974 5
03975 6
03976 6
03978 5
03981 7
03982 6
03984 5
03985 5
03986 6
03987 4
04123 5
04125 5
04126 5
04127 5
04128 6
04129 6
04132 5
04135 5
04136 4
04137 6
04138 5
04139 5
04152 5
04153 4
04156 4
04157 5
04158 5
04159 5
04162 6
04163 5
04165 5
04167 5
04168 5
04169 5
04172 5
04173 5
04175 6
04176 6
04178 6
04179 5
04182 5
04183 5
04185 5
04186 5
04187 6
04189 5
04192 6
04193 6
04195 6
04196 5
04197 5
04198 6
04213 5
04215 5
04216 5
04217 4
04218 5
04219 5
04231 4
04235 5
04236 5
04237 4
04238 5
04239 5
04251 6
04253 4
04256 5
04257 5
04258 5
04259 5
04261 5
04263 5
04265 6
04267 6
04268 6
04269 6
04271 5
04273 5
04275 6
04276 4
04278 5
04279 5
04281 5
04283 5
04285 5
04286 5
04287 5
04289 5
04291 5
04293 4
04295 5
04296 4
04297 5
04298 4
04312 5
04315 5
04316 4
04317 5
04318 5
04319 5
04321 5
04325 5
04326 4
04327 4
04328 5
04329 5
04351 4
04352 4
04356 4
04357 5
04358 4
04359 5
04361 4
04362 5
04365 5
04367 5
04368 6
04369 5
04371 5
04372 5
04375 5
04376 5
04378 5
04379 5
04381 5
04382 5
04385 5
04386 4
04387 4
04389 5
04391 6
04392 5
04395 5
04396 5
04397 5
04398 5
04512 5
04513 5
04516 6
04517 6
04518 5
04519 6
04521 5
04523 4
04526 6
04527 6
04528 6
04529 5
04531 5
04532 4
04536 4
04537 5
04538 4
04539 5
04561 5
04562 5
04563 5
04567 4
04568 4
04569 5
04571 6
04572 6
04573 6
04576 5
04578 5
04579 6
04581 6
04582 6
04583 5
04586 4
04587 5
04589 5
04591 6
04592 6
04593 6
04596 5
04597 5
04598 5
04612 5
04613 5
04615 5
04617 5
04618 5
04619 4
04621 5
04623 5
04625 6
04627 6
04628 6
04629 6
04631 5
04632 4
04635 4
04637 5
04638 5
04639 6
04651 5
04652 6
04653 5
04657 6
04658 6
04659 5
04671 5
04672 5
04673 4
04675 5
04678 5
04679 5
04681 5
04682 6
04683 5
04685 5
04687 6
04689 5
04691 5
04692 6
04693 5
04695 6
04697 6
04698 5
04712 6
04713 5
04715 6
04716 6
04718 5
04719 5
04721 6
04723 5
04725 6
04726 5
04728 5
04729 5
04731 4
04732 5
04735 5
04736 4
04738 5
04739 5
04751 5
04752 5
04753 5
04756 5
04758 6
04759 6
04761 6
04762 5
04763 5
04765 4
04768 5
04769 5
04781 6
04782 4
04783 5
04785 6
04786 5
04789 5
04791 5
04792 5
04793 5
04795 6
04796 5
04798 6
04812 6
04813 6
04815 7
04816 6
04817 5
04819 5
04821 5
04823 5
04825 5
04826 6
04827 6
04829 5
04831 5
04832 5
04835 5
04836 4
04837 4
04839 5
04851 5
04852 5
04853 5
04856 6
04857 5
04859 5
04861 5
04862 5
04863 6
04865 4
04867 4
04869 5
04871 6
04872 6
04873 6
04875 6
04876 6
04879 5
04891 6
04892 5
04893 5
04895 5
04896 6
04897 4
04912 5
04913 6
04915 6
04916 6
04917 5
04918 6
04921 5
04923 6
04925 6
04926 6
04927 6
04928 5
04931 6
04932 5
04935 5
04936 5
04937 5
04938 4
04951 6
04952 6
04953 6
04956 6
04957 6
04958 5
04961 4
04962 6
04963 5
04965 5
04967 5
04968 5
04971 5
04972 4
04973 4
04975 6
04976 6
04978 5
04981 6
04982 5
04983 6
04985 6
04986 6
04987 5
05123 5
05124 6
05126 5
05127 5
05128 5
05129 6
05132 5
05134 3
05136 3
05137 5
05138 5
05139 5
05142 5
05143 5
05146 5
05147 6
05148 6
05149 6
05162 5
05163 5
05164 5
05167 5
05168 5
05169 6
05172 6
05173 5
05174 6
05176 5
05178 5
05179 6
05182 6
05183 4
05184 6
05186 5
05187 6
05189 5
05192 6
05193 5
05194 6
05196 6
05197 6
05198 6
05213 6
05214 5
05216 5
05217 6
05218 5
05219 5
05231 4
05234 4
05236 5
05237 4
05238 5
05239 5
05241 6
05243 5
05246 6
05247 4
05248 6
05249 6
05261 5
05263 5
05264 4
05267 5
05268 5
05269 5
05271 6
05273 6
05274 4
05276 5
05278 4
05279 5
05281 5
05283 6
05284 5
05286 5
05287 4
05289 4
05291 5
05293 6
05294 4
05296 5
05297 4
05298 4
05312 5
05314 4
05316 4
05317 5
05318 5
05319 5
05321 5
05324 5
05326 5
05327 6
05328 5
05329 6
05341 4
05342 4
05346 5
05347 5
05348 5
05349 5
05361 4
05362 5
05364 5
05367 5
05368 5
05369 6
05371 5
05372 6
05374 5
05376 4
05378 5
05379 5
05381 5
05382 5
05384 5
05386 5
05387 5
05389 5
05391 5
05392 6
05394 5
05396 6
05397 5
05398 4
05412 6
05413 5
05416 5
05417 6
05418 5
05419 5
05421 4
05423 5
05426 6
05427 6
05428 6
05429 6
05431 4
05432 4
05436 5
05437 6
05438 6
05439 5
05461 6
05462 6
05463 4
05467 5
05468 5
05469 5
05471 6
05472 6
05473 5
05476 5
05478 6
05479 5
05481 5
05482 6
05483 5
05486 5
05487 5
05489 5
05491 5
05492 6
05493 5
05496 6
05497 6
05498 6
05612 5
05613 5
05614 5
05617 6
05618 5
05619 5
05621 5
05623 5
05624 5
05627 4
05628 4
05629 5
05631 4
05632 5
05634 4
05637 3
05638 4
05639 4
05641 5
05642 6
05643 6
05647 5
05648 5
05649 5
05671 5
05672 4
05673 4
05674 4
05678 4
05679 5
05681 3
05682 5
05683 5
05684 5
05687 4
05689 4
05691 5
05692 5
05693 5
05694 4
05697 4
05698 5
05712 6
05713 6
05714 6
05716 6
05718 5
05719 6
05721 6
05723 6
05724 6
05726 5
05728 5
05729 5
05731 4
05732 5
05734 4
05736 4
05738 4
05739 4
05741 6
05742 5
05743 6
05746 4
05748 6
05749 5
05761 5
05762 5
05763 5
05764 5
05768 5
05769 5
05781 5
05782 5
05783 5
05784 5
05786 5
05789 4
05791 5
05792 5
05793 5
05794 5
05796 5
05798 5
05812 6
05813 6
05814 5
05816 4
05817 5
05819 5
05821 5
05823 6
05824 5
05826 5
05827 5
05829 6
05831 5
05832 5
05834 3
05836 5
05837 4
05839 4
05841 6
05842 5
05843 6
05846 5
05847 5
05849 5
05861 5
05862 4
05863 5
05864 5
05867 4
05869 3
05871 5
05872 4
05873 6
05874 5
05876 4
05879 5
05891 5
05892 6
05893 6
05894 4
05896 5
05897 4
05912 6
05913 5
05914 5
05916 6
05917 5
05918 6
05921 4
05923 6
05924 4
05926 5
05927 5
05928 6
05931 5
05932 5
05934 4
05936 5
05937 4
05938 5
05941 7
05942 5
05943 6
05946 6
05947 5
05948 6
05961 6
05962 5
05963 6
05964 5
05967 4
05968 4
05971 5
05972 5
05973 5
05974 4
05976 5
05978 4
05981 5
05982 5
05983 6
05984 5
05986 4
05987 5
06123 4
06124 5
06125 4
06127 7
06128 5
06129 4
06132 5
06134 4
06135 5
06137 5
06138 5
06139 5
06142 5
06143 5
06145 5
06147 5
06148 5
06149 5
06152 5
06153 4
06154 5
06157 4
06158 4
06159 5
06172 6
06173 5
06174 6
06175 5
06178 5
06179 5
06182 5
06183 5
06184 6
06185 5
06187 5
06189 5
06192 5
06193 5
06194 6
06195 6
06197 5
06198 5
06213 5
06214 4
06215 5
06217 6
06218 5
06219 5
06231 4
06234 4
06235 4
06237 5
06238 5
06239 5
06241 6
06243 5
06245 6
06247 5
06248 6
06249 6
06251 4
06253 5
06254 5
06257 5
06258 5
06259 5
06271 5
06273 4
06274 4
06275 5
06278 5
06279 5
06281 6
06283 5
06284 5
06285 6
06287 5
06289 4
06291 6
06293 5
06294 5
06295 5
06297 5
06298 4
06312 5
06314 5
06315 5
06317 6
06318 5
06319 4
06321 5
06324 5
06325 4
06327 6
06328 4
06329 5
06341 4
06342 5
06345 5
06347 6
06348 6
06349 6
06351 4
06352 4
06354 4
06357 4
06358 5
06359 6
06371 4
06372 6
06374 4
06375 5
06378 6
06379 6
06381 4
06382 6
06384 4
06385 6
06387 4
06389 4
06391 4
06392 5
06394 5
06395 6
06397 6
06398 5
06412 6
06413 4
06415 6
06417 6
06418 5
06419 5
06421 5
06423 5
06425 6
06427 6
06428 7
06429 5
06431 5
06432 4
06435 5
06437 5
06438 5
06439 5
06451 5
06452 5
06453 6
06457 5
06458 6
06459 6
06471 5
06472 6
06473 6
06475 5
06478 5
06479 6
06481 5
06482 5
06483 5
06485 6
06487 5
06489 5
06491 5
06492 6
06493 5
06495 6
06497 5
06498 6
06512 6
06513 5
06514 5
06517 4
06518 5
06519 5
06521 6
06523 5
06524 5
06527 5
06528 4
06529 5
06531 4
06532 5
06534 5
06537 4
06538 5
06539 5
06541 6
06542 6
06543 5
06547 5
06548 3
06549 5
06571 5
06572 4
06573 5
06574 5
06578 4
06579 4
06581 5
06582 5
06583 5
06584 5
06587 4
06589 4
06591 5
06592 5
06593 5
06594 4
06597 4
06598 4
06712 6
06713 5
06714 5
06715 5
06718 4
06719 5
06721 6
06723 5
06724 6
06725 4
06728 5
06729 5
06731 5
06732 3
06734 5
06735 5
06738 4
06739 4
06741 4
06742 4
06743 5
06745 5
06748 5
06749 5
06751 5
06752 3
06753 5
06754 5
06758 3
06759 4
06781 6
06782 5
06783 5
06784 5
06785 4
06789 5
06791 6
06792 5
06793 6
06794 5
06795 4
06798 5
06812 6
06813 5
06814 5
06815 5
06817 5
06819 4
06821 6
06823 6
06824 4
06825 5
06827 4
06829 6
06831 5
06832 4
06834 4
06835 5
06837 5
06839 5
06841 6
06842 6
06843 6
06845 6
06847 5
06849 5
06851 5
06852 5
06853 6
06854 4
06857 4
06859 5
06871 5
06872 5
06873 6
06874 5
06875 6
06879 5
06891 5
06892 7
06893 5
06894 5
06895 6
06897 5
06912 6
06913 6
06914 5
06915 6
06917 6
06918 6
06921 6
06923 6
06924 5
06925 6
06927 5
06928 6
06931 5
06932 5
06934 4
06935 5
06937 4
06938 5
06941 6
06942 6
06943 6
06945 7
06947 5
06948 6
06951 6
06952 6
06953 6
06954 6
06957 4
06958 6
06971 6
06972 5
06973 5
06974 5
06975 5
06978 5
06981 6
06982 6
06983 6
06984 4
06985 5
06987 5
07123 5
07124 5
07125 6
07126 6
07128 6
07129 5
07132 5
07134 4
07135 4
07136 5
07138 5
07139 5
07142 5
07143 5
07145 6
07146 6
07148 6
07149 5
07152 5
07153 4
07154 5
07156 5
07158 5
07159 5
07162 5
07163 4
07164 6
07165 5
07168 5
07169 5
07182 5
07183 5
07184 5
07185 6
07186 5
07189 5
07192 6
07193 5
07194 5
07195 5
07196 6
07198 5
07213 5
07214 4
07215 6
07216 5
07218 6
07219 5
07231 5
07234 4
07235 4
07236 5
07238 4
07239 5
07241 5
07243 5
07245 5
07246 5
07248 5
07249 5
07251 5
07253 5
07254 4
07256 5
07258 4
07259 5
07261 5
07263 4
07264 4
07265 5
07268 4
07269 5
07281 5
07283 5
07284 5
07285 5
07286 5
07289 5
07291 5
07293 6
07294 4
07295 4
07296 6
07298 4
07312 5
07314 5
07315 5
07316 5
07318 5
07319 5
07321 4
07324 5
07325 6
07326 6
07328 4
07329 5
07341 4
07342 4
07345 5
07346 5
07348 5
07349 6
07351 4
07352 5
07354 4
07356 5
07358 6
07359 5
07361 5
07362 6
07364 3
07365 6
07368 5
07369 4
07381 5
07382 4
07384 4
07385 6
07386 6
07389 5
07391 5
07392 4
07394 4
07395 6
07396 6
07398 5
07412 5
07413 6
07415 5
07416 6
07418 6
07419 5
07421 5
07423 5
07425 6
07426 5
07428 3
07429 4
07431 5
07432 5
07435 6
07436 4
07438 5
07439 6
07451 4
07452 5
07453 5
07456 5
07458 6
07459 6
07461 5
07462 6
07463 3
07465 5
07468 5
07469 6
07481 6
07482 4
07483 6
07485 6
07486 6
07489 6
07491 6
07492 4
07493 5
07495 5
07496 6
07498 6
07512 6
07513 5
07514 5
07516 6
07518 5
07519 5
07521 5
07523 6
07524 6
07526 5
07528 5
07529 5
07531 4
07532 5
07534 5
07536 5
07538 5
07539 5
07541 6
07542 6
07543 5
07546 6
07548 5
07549 5
07561 5
07562 4
07563 4
07564 5
07568 4
07569 4
07581 6
07582 6
07583 5
07584 5
07586 5
07589 4
07591 5
07592 5
07593 5
07594 5
07596 5
07598 5
07612 6
07613 4
07614 6
07615 5
07618 4
07619 6
07621 6
07623 5
07624 6
07625 5
07628 5
07629 5
07631 5
07632 4
07634 6
07635 5
07638 5
07639 5
07641 6
07642 5
07643 4
07645 5
07648 6
07649 6
07651 5
07652 5
07653 5
07654 5
07658 5
07659 5
07681 5
07682 6
07683 5
07684 5
07685 5
07689 5
07691 5
07692 5
07693 5
07694 6
07695 5
07698 5
07812 5
07813 6
07814 4
07815 6
07816 5
07819 5
07821 5
07823 5
07824 6
07825 5
07826 6
07829 6
07831 5
07832 4
07834 4
07835 5
07836 5
07839 5
07841 5
07842 6
07843 5
07845 6
07846 6
07849 6
07851 6
07852 5
07853 7
07854 4
07856 5
07859 6
07861 6
07862 5
07863 5
07864 5
07865 5
07869 4
07891 6
07892 6
07893 5
07894 5
07895 5
07896 5
07912 6
07913 5
07914 5
07915 5
07916 5
07918 5
07921 6
07923 6
07924 6
07925 6
07926 6
07928 5
07931 6
07932 5
07934 5
07935 5
07936 5
07938 5
07941 6
07942 6
07943 5
07945 6
07946 6
07948 5
07951 6
07952 6
07953 6
07954 5
07956 5
07958 5
07961 5
07962 5
07963 6
07964 5
07965 5
07968 5
07981 5
07982 5
07983 6
07984 4
07985 5
07986 6
08123 5
08124 5
08125 6
08126 4
08127 5
08129 5
08132 4
08134 4
08135 4
08136 4
08137 5
08139 6
08142 5
08143 4
08145 6
08146 6
08147 6
08149 6
08152 4
08153 6
08154 5
08156 5
08157 5
08159 6
08162 6
08163 5
08164 6
08165 6
08167 4
08169 5
08172 6
08173 6
08174 5
08175 5
08176 5
08179 5
08192 5
08193 6
08194 5
08195 6
08196 5
08197 4
08213 5
08214 5
08215 4
08216 5
08217 5
08219 6
08231 4
08234 4
08235 4
08236 5
08237 5
08239 4
08241 5
08243 5
08245 5
08246 5
08247 5
08249 5
08251 5
08253 6
08254 4
08256 5
08257 4
08259 5
08261 6
08263 5
08264 4
08265 5
08267 5
08269 5
08271 6
08273 5
08274 4
08275 5
08276 5
08279 5
08291 5
08293 5
08294 4
08295 4
08296 4
08297 4
08312 5
08314 5
08315 6
08316 4
08317 4
08319 6
08321 5
08324 5
08325 6
08326 5
08327 5
08329 5
08341 5
08342 4
08345 6
08346 5
08347 5
08349 5
08351 4
08352 5
08354 4
08356 6
08357 5
08359 4
08361 5
08362 5
08364 4
08365 6
08367 5
08369 5
08371 5
08372 5
08374 5
08375 5
08376 7
08379 5
08391 5
08392 5
08394 5
08395 5
08396 4
08397 3
08412 5
08413 4
08415 5
08416 6
08417 6
08419 5
08421 5
08423 5
08425 6
08426 5
08427 6
08429 5
08431 5
08432 5
08435 5
08436 5
08437 4
08439 5
08451 6
08452 5
08453 5
08456 6
08457 6
08459 5
08461 5
08462 6
08463 4
08465 5
08467 4
08469 5
08471 6
08472 4
08473 6
08475 6
08476 6
08479 6
08491 6
08492 5
08493 5
08495 6
08496 6
08497 5
08512 6
08513 6
08514 5
08516 6
08517 4
08519 5
08521 6
08523 6
08524 6
08526 4
08527 4
08529 5
08531 5
08532 5
08534 4
08536 6
08537 4
08539 5
08541 6
08542 6
08543 6
08546 4
08547 4
08549 5
08561 5
08562 4
08563 5
08564 6
08567 3
08569 4
08571 6
08572 6
08573 6
08574 5
08576 5
08579 5
08591 4
08592 6
08593 5
08594 5
08596 5
08597 4
08612 6
08613 5
08614 5
08615 6
08617 6
08619 5
08621 5
08623 6
08624 5
08625 5
08627 5
08629 5
08631 5
08632 5
08634 5
08635 5
08637 4
08639 4
08641 5
08642 6
08643 5
08645 5
08647 5
08649 6
08651 4
08652 4
08653 6
08654 5
08657 5
08659 6
08671 5
08672 6
08673 5
08674 5
08675 5
08679 5
08691 6
08692 6
08693 5
08694 4
08695 6
08697 4
08712 5
08713 6
08714 5
08715 5
08716 6
08719 4
08721 6
08723 6
08724 5
08725 4
08726 5
08729 6
08731 5
08732 5
08734 5
08735 5
08736 5
08739 5
08741 6
08742 5
08743 6
08745 5
08746 6
08749 5
08751 5
08752 6
08753 6
08754 6
08756 5
08759 5
08761 5
08762 5
08763 5
08764 5
08765 5
08769 5
08791 6
08792 6
08793 6
08794 5
08795 4
08796 5
08912 4
08913 6
08914 4
08915 6
08916 5
08917 5
08921 6
08923 6
08924 6
08925 7
08926 6
08927 6
08931 6
08932 6
08934 4
08935 4
08936 5
08937 4
08941 6
08942 6
08943 6
08945 6
08946 6
08947 5
08951 6
08952 6
08953 6
08954 5
08956 6
08957 5
08961 5
08962 6
08963 5
08964 5
08965 5
08967 4
08971 6
08972 6
08973 5
08974 5
08975 6
08976 5
09123 5
09124 5
09125 5
09126 5
09127 6
09128 6
09132 5
09134 5
09135 4
09136 5
09137 5
09138 5
09142 5
09143 5
09145 6
09146 6
09147 6
09148 6
09152 5
09153 5
09154 5
09156 6
09157 6
09158 5
09162 6
09163 6
09164 6
09165 6
09167 5
09168 5
09172 6
09173 6
09174 5
09175 6
09176 6
09178 4
09182 6
09183 6
09184 5
09185 6
09186 6
09187 5
09213 5
09214 4
09215 5
09216 6
09217 4
09218 5
09231 5
09234 4
09235 5
09236 5
09237 5
09238 5
09241 5
09243 5
09245 5
09246 5
09247 4
09248 4
09251 5
09253 5
09254 5
09256 5
09257 5
09258 5
09261 6
09263 5
09264 5
09265 5
09267 5
09268 5
09271 6
09273 6
09274 5
09275 5
09276 6
09278 5
09281 5
09283 6
09284 5
09285 5
09286 5
09287 4
09312 5
09314 5
09315 5
09316 5
09317 5
09318 6
09321 5
09324 5
09325 5
09326 5
09327 5
09328 6
09341 5
09342 4
09345 6
09346 5
09347 6
09348 6
09351 5
09352 5
09354 5
09356 6
09357 6
09358 6
09361 5
09362 6
09364 5
09365 6
09367 5
09368 5
09371 5
09372 6
09374 5
09375 5
09376 6
09378 6
09381 7
09382 5
09384 5
09385 6
09386 6
09387 5
09412 5
09413 6
09415 5
09416 5
09417 6
09418 6
09421 5
09423 5
09425 6
09426 6
09427 5
09428 5
09431 6
09432 5
09435 6
09436 5
09437 5
09438 5
09451 5
09452 5
09453 6
09456 6
09457 5
09458 5
09461 5
09462 6
09463 5
09465 5
09467 4
09468 5
09471 6
09472 4
09473 6
09475 5
09476 7
09478 6
09481 6
09482 5
09483 6
09485 6
09486 6
09487 5
09512 6
09513 5
09514 5
09516 6
09517 5
09518 5
09521 5
09523 6
09524 5
09526 5
09527 4
09528 5
09531 6
09532 6
09534 4
09536 5
09537 5
09538 5
09541 7
09542 6
09543 6
09546 5
09547 5
09548 5
09561 5
09562 5
09563 5
09564 5
09567 4
09568 5
09571 4
09572 6
09573 5
09574 6
09576 5
09578 5
09581 6
09582 6
09583 5
09584 5
09586 5
09587 4
09612 6
09613 5
09614 5
09615 6
09617 6
09618 6
09621 5
09623 7
09624 6
09625 5
09627 5
09628 6
09631 5
09632 5
09634 5
09635 5
09637 4
09638 5
09641 6
09642 6
09643 5
09645 6
09647 5
09648 6
09651 5
09652 5
09653 6
09654 5
09657 5
09658 5
09671 6
09672 5
09673 5
09674 5
09675 5
09678 6
09681 6
09682 5
09683 5
09684 4
09685 5
09687 5
09712 6
09713 6
09714 5
09715 4
09716 5
09718 6
09721 6
09723 6
09724 5
09725 6
09726 6
09728 6
09731 5
09732 6
09734 5
09735 5
09736 5
09738 4
09741 6
09742 5
09743 6
09745 6
09746 6
09748 6
09751 6
09752 6
09753 6
09754 5
09756 5
09758 6
09761 6
09762 6
09763 5
09764 5
09765 5
09768 6
09781 6
09782 6
09783 6
09784 5
09785 4
09786 5
09812 6
09813 6
09814 5
09815 6
09816 6
09817 5
09821 6
09823 6
09824 5
09825 6
09826 6
09827 6
09831 5
09832 6
09834 4
09835 5
09836 5
09837 4
09841 6
09842 5
09843 6
09845 6
09846 6
09847 5
09851 6
09852 6
09853 5
09854 5
09856 6
09857 5
09861 5
09862 6
09863 5
09864 5
09865 5
09867 4
09871 5
09872 6
09873 6
09874 5
09875 5
09876 6
10234 3
10235 5
10236 6
10237 5
10238 5
10239 5
10243 4
10245 6
10246 6
10247 6
10248 5
10249 5
10253 5
10254 4
10256 5
10257 6
10258 5
10259 6
10263 5
10264 4
10265 5
10267 5
10268 5
10269 5
10273 6
10274 4
10275 5
10276 5
10278 6
10279 6
10283 6
10284 4
10285 6
10286 6
10287 5
10289 6
10293 6
10294 5
10295 6
10296 6
10297 6
10298 6
10324 5
10325 6
10326 5
10327 5
10328 5
10329 5
10342 3
10345 5
10346 4
10347 4
10348 4
10349 5
10352 5
10354 5
10356 6
10357 6
10358 6
10359 6
10362 6
10364 6
10365 6
10367 6
10368 6
10369 6
10372 4
10374 5
10375 5
10376 4
10378 5
10379 5
10382 5
10384 5
10385 5
10386 5
10387 5
10389 6
10392 5
10394 6
10395 6
10396 5
10397 6
10398 5
10423 3
10425 5
10426 5
10427 5
10428 5
10429 6
10432 5
10435 6
10436 6
10437 5
10438 6
10439 5
10452 5
10453 5
10456 5
10457 5
10458 6
10459 6
10462 4
10463 5
10465 6
10467 5
10468 6
10469 6
10472 5
10473 5
10475 5
10476 6
10478 6
10479 6
10482 4
10483 5
10485 6
10486 5
10487 6
10489 6
10492 6
10493 6
10495 6
10496 5
10497 6
10498 6
10523 5
10524 6
10526 4
10527 5
10528 5
10529 5
10532 5
10534 5
10536 5
10537 6
10538 6
10539 5
10542 4
10543 4
10546 4
10547 5
10548 5
10549 5
10562 5
10563 5
10564 5
10567 5
10568 6
10569 6
10572 5
10573 5
10574 6
10576 7
10578 6
10579 6
10582 5
10583 5
10584 6
10586 5
10587 6
10589 6
10592 5
10593 5
10594 5
10596 5
10597 5
10598 6
10623 6
10624 6
10625 6
10627 5
10628 6
10629 6
10632 5
10634 5
10635 5
10637 6
10638 6
10639 5
10642 5
10643 5
10645 6
10647 6
10648 5
10649 5
10652 6
10653 5
10654 5
10657 7
10658 5
10659 5
10672 6
10673 5
10674 6
10675 6
10678 6
10679 6
10682 6
10683 6
10684 6
10685 6
10687 6
10689 5
10692 6
10693 6
10694 6
10695 6
10697 6
10698 4
10723 4
10724 6
10725 6
10726 5
10728 6
10729 6
10732 5
10734 5
10735 4
10736 5
10738 6
10739 6
10742 5
10743 4
10745 5
10746 4
10748 4
10749 5
10752 6
10753 6
10754 7
10756 6
10758 6
10759 7
10762 5
10763 6
10764 6
10765 6
10768 6
10769 6
10782 5
10783 5
10784 6
10785 7
10786 6
10789 5
10792 6
10793 5
10794 6
10795 7
10796 7
10798 6
10823 5
10824 5
10825 6
10826 5
10827 5
10829 6
10832 5
10834 5
10835 6
10836 5
10837 6
10839 5
10842 5
10843 5
10845 5
10846 4
10847 5
10849 5
10852 6
10853 6
10854 6
10856 6
10857 6
10859 5
10862 5
10863 6
10864 6
10865 7
10867 4
10869 5
10872 5
10873 5
10874 6
10875 6
10876 6
10879 5
10892 5
10893 5
10894 5
10895 7
10896 5
10897 5
10923 5
10924 6
10925 6
10926 6
10927 6
10928 6
10932 5
10934 5
10935 6
10936 5
10937 6
10938 6
10942 5
10943 5
10945 5
10946 5
10947 4
10948 5
10952 6
10953 6
10954 6
10956 6
10957 6
10958 6
10962 6
10963 6
10964 6
10965 5
10967 5
10968 5
10972 5
10973 5
10974 6
10975 6
10976 6
10978 6
10982 6
10983 5
10984 5
10985 7
10986 5
10987 4
12034 4
12035 5
12036 5
12037 5
12038 5
12039 5
12043 4
12045 4
12046 3
12047 5
12048 4
12049 5
12053 5
12054 5
12056 4
12057 6
12058 5
12059 5
12063 5
12064 6
12065 4
12067 6
12068 5
12069 5
12073 4
12074 6
12075 5
12076 4
12078 5
12079 5
12083 4
12084 6
12085 5
12086 5
12087 5
12089 6
12093 5
12094 6
12095 6
12096 5
12097 6
12098 5
12304 5
12305 5
12306 4
12307 5
12308 4
12309 5
12340 3
12345 4
12346 4
12347 4
12348 4
12349 5
12350 5
12354 5
12356 5
12357 5
12358 5
12359 6
12360 5
12364 6
12365 5
12367 5
12368 5
12369 6
12370 5
12374 5
12375 5
12376 5
12378 6
12379 6
12380 5
12384 6
12385 5
12386 5
12387 5
12389 5
12390 5
12394 6
12395 5
12396 5
12397 6
12398 5
12403 4
12405 4
12406 4
12407 5
12408 5
12409 5
12430 4
12435 5
12436 5
12437 6
12438 4
12439 5
12450 5
12453 4
12456 4
12457 5
12458 5
12459 5
12460 5
12463 4
12465 5
12467 5
12468 6
12469 4
12470 5
12473 5
12475 5
12476 4
12478 6
12479 6
12480 5
12483 4
12485 6
12486 4
12487 6
12489 6
12490 5
12493 5
12495 5
12496 5
12497 5
12498 6
12503 4
12504 6
12506 4
12507 4
12508 4
12509 5
12530 5
12534 4
12536 5
12537 5
12538 5
12539 5
12540 4
12543 4
12546 2
12547 4
12548 5
12549 4
12560 5
12563 5
12564 6
12567 5
12568 6
12569 6
12570 4
12573 5
12574 6
12576 7
12578 7
12579 6
12580 4
12583 5
12584 6
12586 5
12587 6
12589 6
12590 5
12593 5
12594 6
12596 6
12597 5
12598 6
12603 5
12604 6
12605 5
12607 6
12608 5
12609 5
12630 5
12634 4
12635 6
12637 6
12638 5
12639 6
12640 4
12643 4
12645 4
12647 5
12648 5
12649 5
12650 5
12653 5
12654 6
12657 7
12658 6
12659 6
12670 5
12673 5
12674 7
12675 6
12678 7
12679 7
12680 6
12683 6
12684 5
12685 5
12687 6
12689 5
12690 5
12693 6
12694 6
12695 6
12697 6
12698 6
12703 5
12704 6
12705 5
12706 5
12708 5
12709 5
12730 5
12734 5
12735 6
12736 6
12738 6
12739 5
12740 5
12743 5
12745 5
12746 4
12748 5
12749 5
12750 6
12753 5
12754 5
12756 6
12758 6
12759 7
12760 6
12763 4
12764 6
12765 6
12768 6
12769 6
12780 5
12783 5
12784 6
12785 6
12786 6
12789 5
12790 6
12793 5
12794 6
12795 7
12796 6
12798 5
12803 4
12804 5
12805 5
12806 5
12807 5
12809 5
12830 6
12834 4
12835 6
12836 7
12837 6
12839 5
12840 5
12843 5
12845 4
12846 5
12847 6
12849 5
12850 6
12853 5
12854 6
12856 6
12857 5
12859 6
12860 6
12863 5
12864 6
12865 7
12867 4
12869 5
12870 6
12873 5
12874 7
12875 7
12876 6
12879 6
12890 6
12893 5
12894 6
12895 5
12896 5
12897 4
12903 5
12904 5
12905 5
12906 5
12907 6
12908 5
12930 4
12934 4
12935 5
12936 6
12937 5
12938 6
12940 6
12943 5
12945 5
12946 4
12947 6
12948 6
12950 6
12953 6
12954 6
12956 6
12957 5
12958 6
12960 6
12963 6
12964 6
12965 5
12967 6
12968 5
12970 6
12973 5
12974 6
12975 6
12976 6
12978 5
12980 6
12983 5
12984 6
12985 6
12986 6
12987 4
13024 4
13025 6
13026 5
13027 5
13028 5
13029 5
13042 5
13045 5
13046 4
13047 5
13048 5
13049 5
13052 6
13054 6
13056 6
13057 6
13058 6
13059 6
13062 5
13064 5
13065 7
13067 5
13068 6
13069 6
13072 6
13074 6
13075 7
13076 5
13078 4
13079 5
13082 6
13084 6
13085 5
13086 5
13087 6
13089 5
13092 6
13094 6
13095 6
13096 5
13097 5
13098 6
13204 4
13205 4
13206 5
13207 5
13208 6
13209 5
13240 4
13245 6
13246 6
13247 6
13248 6
13249 5
13250 5
13254 3
13256 5
13257 6
13258 6
13259 5
13260 5
13264 3
13265 5
13267 6
13268 6
13269 6
13270 6
13274 4
13275 5
13276 5
13278 5
13279 6
13280 6
13284 4
13285 5
13286 6
13287 5
13289 5
13290 6
13294 5
13295 5
13296 6
13297 6
13298 6
13402 5
13405 5
13406 5
13407 6
13408 6
13409 5
13420 4
13425 5
13426 4
13427 5
13428 5
13429 6
13450 6
13452 5
13456 6
13457 6
13458 6
13459 5
13460 5
13462 5
13465 6
13467 6
13468 6
13469 6
13470 5
13472 5
13475 6
13476 5
13478 5
13479 6
13480 5
13482 5
13485 6
13486 5
13487 6
13489 6
13490 5
13492 6
13495 6
13496 5
13497 5
13498 6
13502 5
13504 5
13506 5
13507 5
13508 6
13509 6
13520 5
13524 6
13526 5
13527 5
13528 5
13529 5
13540 5
13542 4
13546 4
13547 5
13548 5
13549 5
13560 5
13562 4
13564 5
13567 5
13568 6
13569 5
13570 5
13572 4
13574 6
13576 5
13578 6
13579 6
13580 6
13582 5
13584 6
13586 5
13587 6
13589 6
13590 6
13592 5
13594 6
13596 5
13597 6
13598 6
13602 5
13604 5
13605 6
13607 6
13608 6
13609 6
13620 6
13624 6
13625 6
13627 6
13628 5
13629 5
13640 4
13642 5
13645 5
13647 5
13648 5
13649 5
13650 5
13652 6
13654 6
13657 6
13658 5
13659 6
13670 6
13672 6
13674 7
13675 5
13678 6
13679 5
13680 6
13682 5
13684 6
13685 6
13687 5
13689 6
13690 5
13692 6
13694 6
13695 6
13697 5
13698 6
13702 5
13704 5
13705 6
13706 4
13708 5
13709 4
13720 6
13724 6
13725 6
13726 6
13728 6
13729 6
13740 5
13742 4
13745 5
13746 5
13748 6
13749 5
13750 6
13752 7
13754 7
13756 5
13758 6
13759 6
13760 6
13762 6
13764 7
13765 5
13768 5
13769 5
13780 3
13782 6
13784 6
13785 6
13786 5
13789 6
13790 4
13792 6
13794 5
13795 6
13796 5
13798 6
13802 6
13804 5
13805 5
13806 4
13807 6
13809 5
13820 4
13824 6
13825 6
13826 6
13827 5
13829 5
13840 5
13842 5
13845 6
13846 4
13847 5
13849 5
13850 6
13852 5
13854 5
13856 5
13857 5
13859 5
13860 6
13862 5
13864 7
13865 5
13867 4
13869 5
13870 6
13872 6
13874 6
13875 6
13876 4
13879 6
13890 5
13892 4
13894 6
13895 6
13896 6
13897 5
13902 6
13904 5
13905 6
13906 5
13907 4
13908 5
13920 5
13924 6
13925 6
13926 5
13927 7
13928 5
13940 5
13942 5
13945 6
13946 5
13947 6
13948 5
13950 6
13952 6
13954 6
13956 5
13957 5
13958 5
13960 6
13962 6
13964 6
13965 6
13967 4
13968 5
13970 5
13972 6
13974 6
13975 6
13976 5
13978 6
13980 5
13982 6
13984 6
13985 6
13986 5
13987 5
14023 5
14025 4
14026 4
14027 6
14028 4
14029 5
14032 6
14035 5
14036 5
14037 5
14038 5
14039 5
14052 5
14053 5
14056 6
14057 6
14058 6
14059 5
14062 5
14063 4
14065 6
14067 5
14068 6
14069 6
14072 6
14073 6
14075 6
14076 5
14078 6
14079 6
14082 5
14083 5
14085 6
14086 5
14087 6
14089 6
14092 6
14093 6
14095 7
14096 4
14097 6
14098 6
14203 6
14205 5
14206 6
14207 6
14208 5
14209 5
14230 4
14235 4
14236 5
14237 5
14238 5
14239 5
14250 6
14253 6
14256 5
14257 6
14258 6
14259 6
14260 6
14263 6
14265 6
14267 5
14268 6
14269 6
14270 5
14273 5
14275 6
14276 6
14278 5
14279 6
14280 5
14283 5
14285 6
14286 7
14287 5
14289 5
14290 6
14293 6
14295 6
14296 6
14297 5
14298 5
14302 3
14305 6
14306 5
14307 5
14308 6
14309 6
14320 4
14325 6
14326 5
14327 5
14328 5
14329 5
14350 6
14352 5
14356 5
14357 6
14358 6
14359 5
14360 6
14362 5
14365 6
14367 6
14368 6
14369 7
14370 5
14372 6
14375 7
14376 6
14378 6
14379 6
14380 6
14382 5
14385 5
14386 5
14387 6
14389 6
14390 6
14392 6
14395 6
14396 6
14397 6
14398 7
14502 4
14503 5
14506 5
14507 5
14508 6
14509 6
14520 5
14523 5
14526 4
14527 5
14528 5
14529 5
14530 5
14532 5
14536 4
14537 6
14538 6
14539 6
14560 5
14562 4
14563 6
14567 5
14568 6
14569 6
14570 6
14572 6
14573 5
14576 6
14578 6
14579 5
14580 6
14582 5
14583 6
14586 6
14587 6
14589 6
14590 6
14592 4
14593 5
14596 6
14597 7
14598 7
14602 5
14603 5
14605 5
14607 5
14608 7
14609 6
14620 6
14623 6
14625 5
14627 5
14628 5
14629 5
14630 5
14632 5
14635 5
14637 6
14638 6
14639 5
14650 7
14652 5
14653 6
14657 6
14658 5
14659 5
14670 5
14672 5
14673 6
14675 6
14678 5
14679 6
14680 6
14682 6
14683 6
14685 6
14687 5
14689 7
14690 6
14692 5
14693 6
14695 6
14697 6
14698 6
14702 5
14703 5
14705 7
14706 6
14708 7
14709 6
14720 5
14723 5
14725 5
14726 6
14728 6
14729 6
14730 6
14732 6
14735 6
14736 6
14738 6
14739 5
14750 6
14752 6
14753 6
14756 5
14758 6
14759 6
14760 5
14762 5
14763 6
14765 5
14768 6
14769 7
14780 6
14782 7
14783 5
14785 6
14786 6
14789 6
14790 6
14792 7
14793 5
14795 5
14796 5
14798 7
14802 5
14803 5
14805 7
14806 5
14807 6
14809 6
14820 5
14823 5
14825 5
14826 6
14827 6
14829 6
14830 5
14832 5
14835 6
14836 6
14837 6
14839 6
14850 5
14852 5
14853 6
14856 6
14857 7
14859 7
14860 6
14862 5
14863 6
14865 6
14867 3
14869 5
14870 6
14872 7
14873 6
14875 6
14876 6
14879 7
14890 6
14892 6
14893 6
14895 6
14896 6
14897 5
14902 6
14903 5
14905 6
14906 6
14907 7
14908 6
14920 7
14923 5
14925 6
14926 5
14927 6
14928 6
14930 5
14932 6
14935 6
14936 5
14937 6
14938 6
14950 6
14952 5
14953 7
14956 6
14957 7
14958 7
14960 6
14962 5
14963 6
14965 7
14967 4
14968 6
14970 6
14972 6
14973 6
14975 5
14976 7
14978 6
14980 5
14982 6
14983 6
14985 6
14986 6
14987 5
15023 6
15024 5
15026 6
15027 5
15028 6
15029 6
15032 5
15034 5
15036 5
15037 5
15038 6
15039 5
15042 5
15043 5
15046 5
15047 5
15048 6
15049 6
15062 6
15063 6
15064 6
15067 5
15068 6
15069 6
15072 5
15073 6
15074 7
15076 6
15078 7
15079 6
15082 6
15083 6
15084 6
15086 6
15087 7
15089 6
15092 6
15093 7
15094 6
15096 6
15097 5
15098 6
15203 5
15204 5
15206 5
15207 6
15208 7
15209 6
15230 5
15234 3
15236 5
15237 5
15238 5
15239 5
15240 6
15243 5
15246 6
15247 6
15248 6
15249 5
15260 6
15263 5
15264 5
15267 5
15268 6
15269 6
15270 6
15273 4
15274 6
15276 5
15278 5
15279 6
15280 6
15283 6
15284 5
15286 5
15287 5
15289 6
15290 6
15293 6
15294 6
15296 6
15297 6
15298 6
15302 5
15304 4
15306 6
15307 7
15308 6
15309 6
15320 6
15324 5
15326 5
15327 7
15328 6
15329 6
15340 6
15342 5
15346 5
15347 5
15348 5
15349 6
15360 6
15362 6
15364 5
15367 5
15368 6
15369 6
15370 5
15372 7
15374 7
15376 6
15378 7
15379 6
15380 5
15382 5
15384 6
15386 6
15387 7
15389 7
15390 6
15392 6
15394 6
15396 6
15397 6
15398 6
15402 5
15403 5
15406 6
15407 4
15408 7
15409 7
15420 6
15423 5
15426 5
15427 5
15428 5
15429 5
15430 4
15432 5
15436 5
15437 7
15438 5
15439 6
15460 6
15462 4
15463 6
15467 5
15468 5
15469 5
15470 7
15472 6
15473 6
15476 5
15478 7
15479 6
15480 6
15482 5
15483 7
15486 5
15487 5
15489 6
15490 6
15492 4
15493 6
15496 6
15497 5
15498 6
15602 6
15603 6
15604 6
15607 7
15608 6
15609 6
15620 6
15623 5
15624 6
15627 7
15628 6
15629 6
15630 6
15632 4
15634 4
15637 6
15638 6
15639 6
15640 5
15642 5
15643 5
15647 6
15648 6
15649 5
15670 7
15672 6
15673 6
15674 6
15678 5
15679 5
15680 6
15682 5
15683 6
15684 5
15687 5
15689 5
15690 6
15692 7
15693 5
15694 6
15697 4
15698 6
15702 7
15703 7
15704 6
15706 6
15708 7
15709 5
15720 5
15723 6
15724 7
15726 6
15728 7
15729 6
15730 5
15732 5
15734 5
15736 5
15738 5
15739 6
15740 6
15742 5
15743 6
15746 6
15748 6
15749 6
15760 6
15762 6
15763 6
15764 6
15768 5
15769 4
15780 6
15782 7
15783 6
15784 6
15786 6
15789 5
15790 7
15792 6
15793 7
15794 6
15796 5
15798 6
15802 6
15803 6
15804 6
15806 7
15807 6
15809 6
15820 6
15823 5
15824 6
15826 6
15827 6
15829 4
15830 6
15832 5
15834 4
15836 6
15837 5
15839 5
15840 6
15842 6
15843 5
15846 6
15847 6
15849 6
15860 6
15862 5
15863 6
15864 5
15867 4
15869 5
15870 6
15872 5
15873 7
15874 5
15876 5
15879 5
15890 5
15892 6
15893 6
15894 5
15896 6
15897 5
15902 7
15903 6
15904 6
15906 6
15907 6
15908 6
15920 6
15923 6
15924 7
15926 6
15927 6
15928 7
15930 6
15932 5
15934 5
15936 6
15937 5
15938 6
15940 6
15942 5
15943 6
15946 6
15947 7
15948 7
15960 5
15962 6
15963 6
15964 5
15967 4
15968 5
15970 7
15972 7
15973 6
15974 4
15976 4
15978 6
15980 7
15982 6
15983 7
15984 6
15986 6
15987 4
16023 6
16024 5
16025 6
16027 6
16028 6
16029 6
16032 5
16034 4
16035 3
16037 6
16038 5
16039 5
16042 5
16043 6
16045 6
16047 6
16048 5
16049 6
16052 7
16053 7
16054 6
16057 6
16058 5
16059 5
16072 6
16073 7
16074 6
16075 6
16078 6
16079 6
16082 7
16083 7
16084 6
16085 6
16087 7
16089 6
16092 7
16093 5
16094 5
16095 6
16097 6
16098 6
16203 4
16204 5
16205 5
16207 6
16208 6
16209 6
16230 5
16234 4
16235 5
16237 6
16238 6
16239 6
16240 6
16243 6
16245 6
16247 6
16248 6
16249 5
16250 6
16253 6
16254 6
16257 5
16258 5
16259 6
16270 6
16273 6
16274 5
16275 5
16278 6
16279 6
16280 6
16283 6
16284 5
16285 5
16287 6
16289 6
16290 5
16293 5
16294 5
16295 5
16297 5
16298 6
16302 6
16304 5
16305 6
16307 5
16308 6
16309 6
16320 6
16324 4
16325 6
16327 6
16328 6
16329 5
16340 5
16342 4
16345 6
16347 6
16348 5
16349 6
16350 6
16352 6
16354 5
16357 5
16358 6
16359 6
16370 5
16372 7
16374 5
16375 5
16378 6
16379 6
16380 5
16382 6
16384 6
16385 6
16387 5
16389 6
16390 5
16392 6
16394 6
16395 7
16397 6
16398 6
16402 6
16403 6
16405 6
16407 6
16408 6
16409 6
16420 6
16423 5
16425 5
16427 6
16428 6
16429 6
16430 4
16432 5
16435 5
16437 6
16438 6
16439 6
16450 7
16452 5
16453 6
16457 4
16458 6
16459 7
16470 6
16472 6
16473 6
16475 6
16478 6
16479 6
16480 6
16482 6
16483 6
16485 6
16487 4
16489 5
16490 6
16492 5
16493 6
16495 6
16497 5
16498 6
16502 5
16503 6
16504 6
16507 6
16508 7
16509 6
16520 6
16523 5
16524 6
16527 7
16528 6
16529 6
16530 5
16532 6
16534 4
16537 6
16538 6
16539 5
16540 4
16542 5
16543 5
16547 5
16548 6
16549 6
16570 7
16572 6
16573 7
16574 6
16578 5
16579 4
16580 6
16582 6
16583 6
16584 5
16587 4
16589 5
16590 5
16592 7
16593 7
16594 6
16597 4
16598 6
16702 6
16703 6
16704 7
16705 7
16708 6
16709 6
16720 6
16723 6
16724 5
16725 7
16728 6
16729 7
16730 5
16732 5
16734 6
16735 5
16738 5
16739 6
16740 5
16742 5
16743 5
16745 5
16748 5
16749 6
16750 7
16752 6
16753 5
16754 6
16758 5
16759 5
16780 5
16782 6
16783 5
16784 6
16785 4
16789 4
16790 5
16792 7
16793 7
16794 6
16795 6
16798 5
16802 6
16803 6
16804 7
16805 6
16807 6
16809 6
16820 7
16823 6
16824 6
16825 7
16827 5
16829 6
16830 6
16832 6
16834 5
16835 6
16837 5
16839 5
16840 6
16842 5
16843 6
16845 7
16847 6
16849 6
16850 5
16852 6
16853 5
16854 6
16857 5
16859 6
16870 6
16872 7
16873 6
16874 6
16875 5
16879 5
16890 6
16892 6
16893 7
16894 5
16895 7
16897 5
16902 6
16903 6
16904 6
16905 6
16907 5
16908 5
16920 7
16923 6
16924 6
16925 7
16927 5
16928 5
16930 6
16932 6
16934 5
16935 5
16937 5
16938 5
16940 6
16942 5
16943 6
16945 6
16947 6
16948 5
16950 5
16952 6
16953 7
16954 5
16957 5
16958 5
16970 6
16972 6
16973 7
16974 6
16975 4
16978 6
16980 6
16982 5
16983 6
16984 5
16985 6
16987 5
17023 5
17024 6
17025 5
17026 5
17028 6
17029 6
17032 5
17034 5
17035 6
17036 5
17038 5
17039 5
17042 5
17043 4
17045 5
17046 5
17048 5
17049 5
17052 6
17053 6
17054 6
17056 5
17058 6
17059 6
17062 5
17063 6
17064 5
17065 6
17068 6
17069 6
17082 4
17083 6
17084 5
17085 6
17086 6
17089 7
17092 5
17093 6
17094 6
17095 7
17096 5
17098 6
17203 5
17204 5
17205 6
17206 6
17208 6
17209 6
17230 6
17234 4
17235 6
17236 5
17238 5
17239 6
17240 5
17243 6
17245 7
17246 6
17248 5
17249 5
17250 6
17253 5
17254 5
17256 4
17258 6
17259 6
17260 5
17263 5
17264 5
17265 5
17268 6
17269 6
17280 6
17283 4
17284 4
17285 5
17286 6
17289 6
17290 5
17293 5
17294 5
17295 6
17296 6
17298 5
17302 5
17304 4
17305 6
17306 4
17308 6
17309 5
17320 5
17324 6
17325 6
17326 5
17328 6
17329 6
17340 5
17342 5
17345 5
17346 6
17348 6
17349 6
17350 6
17352 7
17354 5
17356 5
17358 6
17359 6
17360 5
17362 6
17364 6
17365 7
17368 6
17369 6
17380 4
17382 6
17384 6
17385 6
17386 6
17389 6
17390 6
17392 6
17394 5
17395 6
17396 7
17398 7
17402 5
17403 6
17405 6
17406 6
17408 6
17409 7
17420 5
17423 6
17425 6
17426 6
17428 6
17429 6
17430 5
17432 5
17435 6
17436 5
17438 6
17439 6
17450 7
17452 5
17453 6
17456 5
17458 6
17459 6
17460 6
17462 4
17463 7
17465 5
17468 5
17469 5
17480 6
17482 6
17483 7
17485 6
17486 5
17489 6
17490 7
17492 6
17493 7
17495 7
17496 6
17498 6
17502 6
17503 4
17504 6
17506 6
17508 7
17509 6
17520 6
17523 5
17524 6
17526 6
17528 7
17529 7
17530 6
17532 3
17534 5
17536 6
17538 5
17539 5
17540 5
17542 5
17543 6
17546 4
17548 5
17549 5
17560 5
17562 6
17563 7
17564 6
17568 4
17569 4
17580 6
17582 6
17583 7
17584 5
17586 6
17589 5
17590 7
17592 6
17593 7
17594 4
17596 5
17598 5
17602 6
17603 6
17604 6
17605 5
17608 6
17609 6
17620 6
17623 6
17624 6
17625 5
17628 6
17629 6
17630 5
17632 5
17634 5
17635 6
17638 6
17639 5
17640 6
17642 5
17643 5
17645 5
17648 5
17649 6
17650 5
17652 6
17653 6
17654 6
17658 6
17659 6
17680 7
17682 6
17683 5
17684 6
17685 6
17689 6
17690 5
17692 7
17693 6
17694 7
17695 6
17698 7
17802 6
17803 4
17804 6
17805 7
17806 6
17809 6
17820 6
17823 6
17824 6
17825 6
17826 6
17829 5
17830 4
17832 6
17834 5
17835 6
17836 5
17839 5
17840 6
17842 6
17843 6
17845 6
17846 6
17849 6
17850 6
17852 6
17853 6
17854 6
17856 5
17859 4
17860 6
17862 5
17863 5
17864 6
17865 5
17869 5
17890 4
17892 6
17893 6
17894 5
17895 7
17896 5
17902 6
17903 6
17904 6
17905 7
17906 6
17908 5
17920 6
17923 6
17924 5
17925 7
17926 6
17928 7
17930 5
17932 6
17934 6
17935 4
17936 6
17938 5
17940 5
17942 6
17943 6
17945 4
17946 6
17948 7
17950 5
17952 7
17953 6
17954 5
17956 6
17958 5
17960 6
17962 6
17963 6
17964 6
17965 5
17968 5
17980 6
17982 6
17983 7
17984 6
17985 5
17986 5
18023 6
18024 6
18025 6
18026 5
18027 6
18029 5
18032 4
18034 5
18035 4
18036 4
18037 5
18039 6
18042 5
18043 4
18045 5
18046 5
18047 5
18049 6
18052 6
18053 6
18054 6
18056 6
18057 6
18059 6
18062 7
18063 5
18064 6
18065 6
18067 4
18069 5
18072 7
18073 5
18074 5
18075 7
18076 7
18079 7
18092 5
18093 6
18094 6
18095 6
18096 6
18097 5
18203 5
18204 5
18205 7
18206 6
18207 6
18209 6
18230 5
18234 4
18235 6
18236 6
18237 5
18239 5
18240 4
18243 4
18245 5
18246 6
18247 5
18249 5
18250 6
18253 5
18254 5
18256 5
18257 6
18259 5
18260 6
18263 6
18264 5
18265 6
18267 5
18269 6
18270 6
18273 5
18274 4
18275 5
18276 5
18279 6
18290 6
18293 6
18294 5
18295 6
18296 5
18297 6
18302 5
18304 6
18305 7
18306 5
18307 6
18309 6
18320 6
18324 5
18325 6
18326 6
18327 7
18329 5
18340 5
18342 5
18345 5
18346 5
18347 6
18349 6
18350 6
18352 6
18354 5
18356 5
18357 6
18359 7
18360 5
18362 6
18364 6
18365 6
18367 5
18369 6
18370 6
18372 5
18374 6
18375 6
18376 6
18379 5
18390 5
18392 5
18394 5
18395 7
18396 6
18397 6
18402 5
18403 5
18405 6
18406 6
18407 7
18409 7
18420 5
18423 6
18425 6
18426 5
18427 5
18429 6
18430 5
18432 5
18435 6
18436 6
18437 5
18439 5
18450 6
18452 6
18453 6
18456 6
18457 5
18459 6
18460 7
18462 6
18463 6
18465 6
18467 5
18469 5
18470 7
18472 5
18473 6
18475 7
18476 6
18479 6
18490 6
18492 6
18493 7
18495 7
18496 6
18497 5
18502 6
18503 5
18504 6
18506 7
18507 6
18509 7
18520 5
18523 6
18524 6
18526 6
18527 6
18529 5
18530 6
18532 4
18534 5
18536 6
18537 5
18539 5
18540 5
18542 4
18543 5
18546 6
18547 6
18549 6
18560 7
18562 6
18563 5
18564 4
18567 3
18569 4
18570 6
18572 6
18573 7
18574 5
18576 5
18579 5
18590 5
18592 5
18593 7
18594 5
18596 5
18597 4
18602 6
18603 6
18604 5
18605 6
18607 6
18609 5
18620 6
18623 4
18624 6
18625 6
18627 6
18629 5
18630 6
18632 6
18634 4
18635 6
18637 6
18639 5
18640 4
18642 6
18643 4
18645 5
18647 5
18649 7
18650 6
18652 5
18653 7
18654 6
18657 5
18659 5
18670 6
18672 6
18673 6
18674 6
18675 5
18679 5
18690 6
18692 6
18693 7
18694 5
18695 6
18697 5
18702 6
18703 6
18704 6
18705 7
18706 6
18709 5
18720 7
18723 6
18724 6
18725 7
18726 7
18729 6
18730 5
18732 5
18734 6
18735 6
18736 6
18739 6
18740 5
18742 6
18743 5
18745 6
18746 6
18749 5
18750 6
18752 5
18753 7
18754 5
18756 6
18759 5
18760 6
18762 6
18763 5
18764 6
18765 5
18769 6
18790 6
18792 6
18793 6
18794 5
18795 5
18796 5
18902 5
18903 5
18904 6
18905 6
18906 7
18907 4
18920 5
18923 6
18924 7
18925 6
18926 6
18927 3
18930 6
18932 4
18934 4
18935 6
18936 5
18937 5
18940 5
18942 6
18943 5
18945 6
18946 6
18947 5
18950 6
18952 7
18953 7
18954 6
18956 6
18957 4
18960 4
18962 5
18963 5
18964 5
18965 5
18967 4
18970 6
18972 6
18973 7
18974 6
18975 6
18976 6
19023 6
19024 5
19025 6
19026 6
19027 6
19028 6
19032 4
19034 5
19035 5
19036 5
19037 6
19038 6
19042 6
19043 5
19045 4
19046 5
19047 6
19048 6
19052 7
19053 5
19054 5
19056 6
19057 6
19058 7
19062 7
19063 6
19064 5
19065 5
19067 5
19068 6
19072 6
19073 6
19074 6
19075 6
19076 6
19078 6
19082 6
19083 6
19084 6
19085 6
19086 5
19087 5
19203 5
19204 5
19205 6
19206 6
19207 5
19208 6
19230 5
19234 4
19235 6
19236 5
19237 6
19238 5
19240 5
19243 5
19245 6
19246 6
19247 5
19248 5
19250 5
19253 5
19254 5
19256 6
19257 5
19258 6
19260 6
19263 6
19264 5
19265 6
19267 5
19268 6
19270 7
19273 6
19274 6
19275 6
19276 6
19278 5
19280 6
19283 6
19284 5
19285 6
19286 5
19287 5
19302 5
19304 5
19305 6
19306 5
19307 5
19308 4
19320 6
19324 5
19325 6
19326 6
19327 6
19328 6
19340 5
19342 6
19345 5
19346 5
19347 6
19348 6
19350 5
19352 6
19354 5
19356 5
19357 7
19358 6
19360 6
19362 6
19364 6
19365 6
19367 5
19368 6
19370 6
19372 5
19374 5
19375 7
19376 6
19378 7
19380 5
19382 6
19384 6
19385 7
19386 6
19387 6
19402 5
19403 5
19405 7
19406 5
19407 6
19408 7
19420 6
19423 6
19425 6
19426 5
19427 6
19428 6
19430 5
19432 5
19435 6
19436 6
19437 6
19438 6
19450 6
19452 6
19453 6
19456 6
19457 6
19458 6
19460 7
19462 6
19463 7
19465 5
19467 5
19468 5
19470 7
19472 6
19473 6
19475 7
19476 6
19478 6
19480 6
19482 7
19483 6
19485 6
19486 6
19487 5
19502 6
19503 5
19504 5
19506 7
19507 4
19508 7
19520 6
19523 5
19524 6
19526 6
19527 6
19528 6
19530 6
19532 5
19534 5
19536 6
19537 5
19538 4
19540 5
19542 5
19543 5
19546 5
19547 6
19548 7
19560 6
19562 6
19563 7
19564 4
19567 4
19568 5
19570 6
19572 7
19573 7
19574 5
19576 5
19578 5
19580 7
19582 7
19583 6
19584 4
19586 6
19587 5
19602 6
19603 7
19604 5
19605 6
19607 6
19608 6
19620 7
19623 5
19624 7
19625 7
19627 6
19628 5
19630 6
19632 5
19634 6
19635 6
19637 6
19638 6
19640 5
19642 6
19643 5
19645 5
19647 6
19648 7
19650 6
19652 6
19653 6
19654 6
19657 5
19658 6
19670 6
19672 6
19673 7
19674 6
19675 5
19678 6
19680 7
19682 7
19683 7
19684 5
19685 5
19687 5
19702 6
19703 6
19704 6
19705 7
19706 6
19708 7
19720 6
19723 6
19724 6
19725 7
19726 7
19728 7
19730 6
19732 6
19734 5
19735 6
19736 6
19738 6
19740 5
19742 6
19743 5
19745 6
19746 6
19748 6
19750 6
19752 6
19753 7
19754 6
19756 6
19758 6
19760 6
19762 7
19763 6
19764 6
19765 5
19768 6
19780 6
19782 7
19783 7
19784 5
19785 5
19786 6
19802 6
19803 6
19804 6
19805 7
19806 6
19807 6
19820 6
19823 6
19824 6
19825 5
19826 5
19827 5
19830 6
19832 6
19834 5
19835 5
19836 6
19837 5
19840 6
19842 6
19843 5
19845 7
19846 6
19847 5
19850 6
19852 6
19853 6
19854 5
19856 5
19857 5
19860 6
19862 5
19863 6
19864 4
19865 5
19867 5
19870 7
19872 7
19873 7
19874 6
19875 6
19876 6
20134 4
20135 5
20136 5
20137 6
20138 6
20139 6
20143 4
20145 4
20146 5
20147 5
20148 6
20149 6
20153 6
20154 6
20156 6
20157 6
20158 6
20159 6
20163 6
20164 6
20165 5
20167 6
20168 7
20169 7
20173 5
20174 5
20175 6
20176 6
20178 7
20179 6
20183 5
20184 6
20185 7
20186 6
20187 6
20189 6
20193 5
20194 6
20195 7
20196 6
20197 7
20198 7
20314 6
20315 6
20316 6
20317 6
20318 5
20319 6
20341 4
20345 6
20346 5
20347 5
20348 5
20349 5
20351 6
20354 5
20356 6
20357 6
20358 5
20359 6
20361 5
20364 5
20365 6
20367 5
20368 6
20369 6
20371 6
20374 6
20375 6
20376 6
20378 5
20379 5
20381 6
20384 5
20385 6
20386 6
20387 6
20389 6
20391 5
20394 6
20395 6
20396 6
20397 6
20398 5
20413 4
20415 5
20416 4
20417 5
20418 5
20419 5
20431 5
20435 6
20436 5
20437 6
20438 6
20439 6
20451 4
20453 5
20456 6
20457 6
20458 6
20459 6
20461 5
20463 6
20465 6
20467 6
20468 6
20469 7
20471 5
20473 5
20475 5
20476 5
20478 6
20479 6
20481 5
20483 5
20485 6
20486 6
20487 6
20489 7
20491 5
20493 5
20495 6
20496 6
20497 6
20498 6
20513 6
20514 6
20516 5
20517 6
20518 7
20519 6
20531 5
20534 3
20536 6
20537 6
20538 6
20539 6
20541 5
20543 6
20546 5
20547 5
20548 6
20549 6
20561 6
20563 7
20564 6
20567 5
20568 6
20569 6
20571 5
20573 6
20574 6
20576 6
20578 6
20579 6
20581 6
20583 6
20584 6
20586 6
20587 6
20589 6
20591 6
20593 6
20594 6
20596 6
20597 6
20598 6
20613 6
20614 6
20615 5
20617 6
20618 5
20619 6
20631 6
20634 4
20635 5
20637 6
20638 6
20639 7
20641 4
20643 6
20645 5
20647 5
20648 6
20649 6
20651 6
20653 6
20654 6
20657 6
20658 5
20659 5
20671 6
20673 6
20674 6
20675 6
20678 6
20679 6
20681 5
20683 6
20684 6
20685 6
20687 6
20689 5
20691 6
20693 6
20694 6
20695 6
20697 6
20698 6
20713 5
20714 6
20715 5
20716 6
20718 6
20719 6
20731 6
20734 5
20735 6
20736 6
20738 5
20739 5
20741 5
20743 6
20745 6
20746 6
20748 6
20749 6
20751 6
20753 6
20754 6
20756 6
20758 6
20759 5
20761 7
20763 6
20764 6
20765 7
20768 6
20769 6
20781 6
20783 6
20784 6
20785 6
20786 6
20789 6
20791 6
20793 5
20794 6
20795 5
20796 7
20798 7
20813 4
20814 6
20815 6
20816 6
20817 6
20819 6
20831 6
20834 4
20835 7
20836 6
20837 6
20839 6
20841 6
20843 5
20845 6
20846 6
20847 5
20849 5
20851 6
20853 6
20854 6
20856 6
20857 6
20859 6
20861 7
20863 6
20864 7
20865 7
20867 5
20869 5
20871 7
20873 5
20874 7
20875 6
20876 6
20879 5
20891 6
20893 6
20894 6
20895 7
20896 6
20897 5
20913 5
20914 6
20915 7
20916 6
20917 6
20918 7
20931 6
20934 4
20935 6
20936 6
20937 6
20938 6
20941 6
20943 5
20945 6
20946 6
20947 5
20948 6
20951 6
20953 6
20954 7
20956 6
20957 6
20958 6
20961 6
20963 6
20964 7
20965 6
20967 5
20968 5
20971 7
20973 5
20974 6
20975 6
20976 6
20978 6
20981 7
20983 7
20984 6
20985 6
20986 5
20987 5
21034 4
21035 5
21036 5
21037 5
21038 5
21039 5
21043 4
21045 6
21046 5
21047 5
21048 5
21049 5
21053 5
21054 5
21056 5
21057 5
21058 5
21059 5
21063 5
21064 5
21065 6
21067 6
21068 6
21069 6
21073 5
21074 4
21075 6
21076 5
21078 6
21079 6
21083 5
21084 4
21085 5
21086 5
21087 6
21089 6
21093 6
21094 5
21095 5
21096 5
21097 5
21098 5
21304 4
21305 5
21306 4
21307 5
21308 5
21309 5
21340 5
21345 5
21346 4
21347 4
21348 5
21349 4
21350 4
21354 4
21356 3
21357 4
21358 4
21359 5
21360 4
21364 4
21365 6
21367 5
21368 5
21369 5
21370 5
21374 5
21375 5
21376 4
21378 5
21379 5
21380 5
21384 4
21385 5
21386 4
21387 4
21389 5
21390 5
21394 5
21395 5
21396 5
21397 4
21398 5
21403 5
21405 6
21406 5
21407 5
21408 4
21409 5
21430 4
21435 5
21436 4
21437 5
21438 4
21439 5
21450 5
21453 5
21456 4
21457 5
21458 5
21459 5
21460 7
21463 6
21465 5
21467 6
21468 6
21469 6
21470 5
21473 5
21475 6
21476 5
21478 5
21479 5
21480 5
21483 5
21485 5
21486 5
21487 6
21489 5
21490 5
21493 5
21495 6
21496 4
21497 5
21498 5
21503 5
21504 5
21506 6
21507 6
21508 6
21509 6
21530 5
21534 5
21536 5
21537 6
21538 5
21539 6
21540 6
21543 5
21546 6
21547 6
21548 6
21549 5
21560 5
21563 6
21564 6
21567 5
21568 5
21569 5
21570 6
21573 7
21574 5
21576 5
21578 6
21579 6
21580 5
21583 6
21584 6
21586 5
21587 5
21589 6
21590 5
21593 6
21594 4
21596 6
21597 4
21598 6
21603 4
21604 5
21605 5
21607 6
21608 5
21609 6
21630 6
21634 5
21635 4
21637 5
21638 5
21639 5
21640 6
21643 5
21645 6
21647 5
21648 6
21649 6
21650 6
21653 5
21654 6
21657 5
21658 4
21659 6
21670 5
21673 6
21674 6
21675 5
21678 5
21679 6
21680 6
21683 6
21684 5
21685 5
21687 6
21689 6
21690 6
21693 6
21694 5
21695 5
21697 5
21698 5
21703 6
21704 3
21705 6
21706 6
21708 6
21709 6
21730 5
21734 4
21735 6
21736 5
21738 6
21739 6
21740 5
21743 5
21745 5
21746 5
21748 6
21749 5
21750 6
21753 5
21754 5
21756 5
21758 6
21759 6
21760 7
21763 6
21764 5
21765 6
21768 6
21769 6
21780 6
21783 5
21784 4
21785 6
21786 5
21789 6
21790 6
21793 5
21794 6
21795 6
21796 5
21798 6
21803 5
21804 4
21805 6
21806 6
21807 5
21809 5
21830 4
21834 5
21835 5
21836 5
21837 6
21839 6
21840 5
21843 5
21845 6
21846 5
21847 5
21849 6
21850 5
21853 6
21854 5
21856 5
21857 5
21859 6
21860 6
21863 5
21864 5
21865 6
21867 5
21869 6
21870 6
21873 5
21874 5
21875 4
21876 5
21879 6
21890 5
21893 5
21894 5
21895 6
21896 5
21897 6
21903 5
21904 5
21905 6
21906 6
21907 7
21908 5
21930 5
21934 4
21935 6
21936 5
21937 5
21938 5
21940 5
21943 5
21945 6
21946 5
21947 5
21948 6
21950 5
21953 6
21954 5
21956 6
21957 6
21958 6
21960 6
21963 6
21964 5
21965 6
21967 5
21968 6
21970 5
21973 5
21974 5
21975 5
21976 6
21978 6
21980 5
21983 6
21984 5
21985 6
21986 6
21987 5
23014 4
23015 6
23016 6
23017 4
23018 5
23019 5
23041 4
23045 6
23046 6
23047 5
23048 5
23049 5
23051 6
23054 6
23056 6
23057 5
23058 6
23059 5
23061 5
23064 6
23065 7
23067 5
23068 6
23069 6
23071 6
23074 6
23075 5
23076 5
23078 5
23079 6
23081 6
23084 6
23085 6
23086 6
23087 6
23089 6
23091 6
23094 6
23095 4
23096 5
23097 6
23098 7
23104 3
23105 5
23106 6
23107 6
23108 5
23109 6
23140 5
23145 3
23146 5
23147 5
23148 6
23149 6
23150 6
23154 6
23156 5
23157 6
23158 6
23159 6
23160 6
23164 6
23165 5
23167 6
23168 6
23169 6
23170 5
23174 6
23175 7
23176 7
23178 6
23179 6
23180 5
23184 6
23185 6
23186 5
23187 6
23189 7
23190 5
23194 6
23195 6
23196 6
23197 7
23198 6
23401 5
23405 4
23406 6
23407 5
23408 5
23409 5
23410 4
23415 5
23416 5
23417 6
23418 5
23419 5
23450 5
23451 4
23456 5
23457 5
23458 6
23459 6
23460 5
23461 4
23465 6
23467 6
23468 6
23469 6
23470 5
23471 6
23475 6
23476 6
23478 6
23479 6
23480 4
23481 6
23485 6
23486 5
23487 6
23489 6
23490 5
23491 4
23495 6
23496 6
23497 6
23498 6
23501 6
23504 6
23506 6
23507 6
23508 6
23509 6
23510 6
23514 6
23516 4
23517 7
23518 6
23519 5
23540 5
23541 5
23546 5
23547 4
23548 4
23549 5
23560 7
23561 5
23564 5
23567 4
23568 5
23569 6
23570 6
23571 6
23574 6
23576 6
23578 5
23579 6
23580 6
23581 6
23584 6
23586 5
23587 5
23589 6
23590 6
23591 6
23594 6
23596 6
23597 5
23598 6
23601 5
23604 5
23605 5
23607 5
23608 5
23609 5
23610 5
23614 6
23615 6
23617 7
23618 6
23619 6
23640 6
23641 5
23645 6
23647 5
23648 5
23649 6
23650 6
23651 5
23654 7
23657 6
23658 6
23659 6
23670 5
23671 7
23674 5
23675 6
23678 6
23679 6
23680 5
23681 7
23684 6
23685 6
23687 6
23689 6
23690 6
23691 6
23694 6
23695 5
23697 6
23698 6
23701 6
23704 6
23705 6
23706 5
23708 6
23709 6
23710 5
23714 5
23715 6
23716 6
23718 5
23719 6
23740 6
23741 5
23745 5
23746 6
23748 5
23749 6
23750 6
23751 6
23754 5
23756 6
23758 6
23759 5
23760 5
23761 6
23764 7
23765 5
23768 6
23769 6
23780 5
23781 6
23784 6
23785 6
23786 6
23789 5
23790 5
23791 6
23794 6
23795 6
23796 5
23798 6
23801 5
23804 6
23805 5
23806 6
23807 6
23809 6
23810 6
23814 6
23815 6
23816 6
23817 7
23819 6
23840 6
23841 6
23845 5
23846 5
23847 4
23849 5
23850 6
23851 6
23854 5
23856 6
23857 6
23859 6
23860 6
23861 6
23864 7
23865 5
23867 4
23869 5
23870 6
23871 6
23874 6
23875 5
23876 6
23879 5
23890 5
23891 6
23894 5
23895 6
23896 5
23897 6
23901 6
23904 6
23905 6
23906 5
23907 6
23908 7
23910 5
23914 6
23915 6
23916 6
23917 6
23918 7
23940 6
23941 5
23945 6
23946 6
23947 6
23948 6
23950 5
23951 6
23954 6
23956 6
23957 6
23958 6
23960 6
23961 6
23964 7
23965 5
23967 5
23968 5
23970 6
23971 6
23974 6
23975 6
23976 6
23978 5
23980 6
23981 7
23984 6
23985 6
23986 5
23987 5
24013 3
24015 4
24016 5
24017 5
24018 5
24019 5
24031 4
24035 6
24036 6
24037 5
24038 6
24039 6
24051 4
24053 5
24056 6
24057 4
24058 6
24059 6
24061 5
24063 6
24065 6
24067 6
24068 6
24069 7
24071 5
24073 6
24075 5
24076 4
24078 7
24079 7
24081 5
24083 6
24085 5
24086 5
24087 7
24089 6
24091 5
24093 5
24095 6
24096 6
24097 6
24098 7
24103 5
24105 5
24106 5
24107 5
24108 4
24109 5
24130 5
24135 6
24136 6
24137 7
24138 6
24139 7
24150 5
24153 5
24156 5
24157 5
24158 5
24159 5
24160 5
24163 5
24165 5
24167 6
24168 4
24169 4
24170 5
24173 5
24175 6
24176 6
24178 7
24179 6
24180 5
24183 6
24185 5
24186 6
24187 6
24189 7
24190 5
24193 5
24195 5
24196 6
24197 6
24198 6
24301 5
24305 6
24306 5
24307 6
24308 5
24309 5
24310 5
24315 5
24316 6
24317 6
24318 5
24319 6
24350 6
24351 5
24356 6
24357 5
24358 7
24359 7
24360 6
24361 5
24365 6
24367 6
24368 7
24369 6
24370 5
24371 6
24375 6
24376 6
24378 6
24379 7
24380 6
24381 6
24385 7
24386 5
24387 5
24389 6
24390 5
24391 5
24395 7
24396 6
24397 7
24398 6
24501 5
24503 6
24506 5
24507 6
24508 7
24509 6
24510 6
24513 5
24516 5
24517 5
24518 6
24519 5
24530 6
24531 5
24536 6
24537 6
24538 5
24539 6
24560 6
24561 6
24563 5
24567 6
24568 6
24569 6
24570 6
24571 6
24573 7
24576 6
24578 6
24579 6
24580 6
24581 5
24583 6
24586 6
24587 6
24589 6
24590 6
24591 6
24593 6
24596 7
24597 5
24598 6
24601 5
24603 6
24605 6
24607 6
24608 6
24609 6
24610 5
24613 5
24615 5
24617 5
24618 5
24619 5
24630 6
24631 6
24635 7
24637 5
24638 6
24639 6
24650 6
24651 5
24653 6
24657 6
24658 6
24659 5
24670 6
24671 5
24673 6
24675 6
24678 6
24679 6
24680 6
24681 5
24683 6
24685 6
24687 6
24689 6
24690 6
24691 5
24693 6
24695 5
24697 6
24698 6
24701 6
24703 5
24705 5
24706 5
24708 6
24709 6
24710 4
24713 5
24715 6
24716 5
24718 6
24719 6
24730 6
24731 6
24735 5
24736 6
24738 6
24739 6
24750 5
24751 5
24753 6
24756 6
24758 6
24759 6
24760 6
24761 6
24763 6
24765 6
24768 6
24769 6
24780 6
24781 7
24783 7
24785 6
24786 7
24789 6
24790 6
24791 7
24793 7
24795 6
24796 6
24798 6
24801 6
24803 5
24805 6
24806 5
24807 6
24809 6
24810 5
24813 5
24815 5
24816 6
24817 6
24819 6
24830 6
24831 6
24835 4
24836 5
24837 6
24839 6
24850 6
24851 6
24853 7
24856 6
24857 7
24859 5
24860 6
24861 5
24863 6
24865 6
24867 5
24869 6
24870 7
24871 5
24873 6
24875 6
24876 6
24879 6
24890 6
24891 7
24893 6
24895 7
24896 6
24897 6
24901 6
24903 6
24905 6
24906 6
24907 7
24908 6
24910 5
24913 5
24915 5
24916 5
24917 7
24918 7
24930 5
24931 6
24935 6
24936 7
24937 6
24938 6
24950 6
24951 5
24953 7
24956 6
24957 6
24958 6
24960 6
24961 5
24963 7
24965 6
24967 6
24968 6
24970 7
24971 6
24973 7
24975 6
24976 7
24978 5
24980 7
24981 6
24983 7
24985 7
24986 6
24987 6
25013 6
25014 6
25016 6
25017 6
25018 6
25019 6
25031 5
25034 4
25036 4
25037 6
25038 6
25039 6
25041 5
25043 5
25046 5
25047 6
25048 5
25049 6
25061 6
25063 6
25064 6
25067 6
25068 6
25069 6
25071 6
25073 6
25074 6
25076 6
25078 5
25079 6
25081 6
25083 5
25084 7
25086 6
25087 7
25089 6
25091 6
25093 6
25094 6
25096 6
25097 6
25098 7
25103 6
25104 6
25106 6
25107 6
25108 5
25109 5
25130 5
25134 5
25136 5
25137 5
25138 5
25139 5
25140 5
25143 5
25146 4
25147 5
25148 4
25149 5
25160 5
25163 6
25164 5
25167 6
25168 7
25169 6
25170 6
25173 7
25174 6
25176 6
25178 6
25179 5
25180 6
25183 6
25184 5
25186 6
25187 6
25189 6
25190 6
25193 6
25194 6
25196 6
25197 6
25198 7
25301 5
25304 5
25306 6
25307 6
25308 5
25309 6
25310 5
25314 5
25316 6
25317 6
25318 5
25319 6
25340 6
25341 4
25346 5
25347 6
25348 6
25349 6
25360 6
25361 6
25364 7
25367 5
25368 6
25369 6
25370 6
25371 7
25374 5
25376 6
25378 6
25379 6
25380 5
25381 6
25384 6
25386 6
25387 6
25389 6
25390 6
25391 6
25394 6
25396 5
25397 6
25398 6
25401 5
25403 6
25406 6
25407 5
25408 5
25409 5
25410 5
25413 5
25416 5
25417 5
25418 5
25419 5
25430 5
25431 5
25436 6
25437 6
25438 5
25439 5
25460 6
25461 5
25463 6
25467 5
25468 6
25469 6
25470 4
25471 5
25473 6
25476 6
25478 5
25479 5
25480 6
25481 5
25483 7
25486 6
25487 6
25489 6
25490 6
25491 4
25493 7
25496 5
25497 6
25498 6
25601 5
25603 6
25604 7
25607 6
25608 4
25609 5
25610 6
25613 6
25614 6
25617 6
25618 6
25619 5
25630 5
25631 5
25634 5
25637 6
25638 6
25639 6
25640 5
25641 5
25643 6
25647 6
25648 6
25649 6
25670 7
25671 6
25673 6
25674 5
25678 5
25679 5
25680 6
25681 6
25683 7
25684 6
25687 6
25689 6
25690 6
25691 6
25693 6
25694 6
25697 5
25698 7
25701 5
25703 6
25704 6
25706 6
25708 7
25709 7
25710 6
25713 5
25714 6
25716 6
25718 6
25719 7
25730 5
25731 6
25734 5
25736 5
25738 6
25739 6
25740 5
25741 5
25743 6
25746 6
25748 6
25749 7
25760 6
25761 6
25763 5
25764 6
25768 5
25769 5
25780 6
25781 5
25783 7
25784 6
25786 6
25789 6
25790 6
25791 6
25793 6
25794 6
25796 6
25798 7
25801 6
25803 6
25804 6
25806 5
25807 6
25809 5
25810 7
25813 6
25814 6
25816 6
25817 6
25819 5
25830 6
25831 4
25834 5
25836 6
25837 6
25839 6
25840 6
25841 6
25843 6
25846 6
25847 6
25849 6
25860 6
25861 7
25863 6
25864 6
25867 4
25869 4
25870 5
25871 6
25873 6
25874 6
25876 5
25879 6
25890 6
25891 6
25893 6
25894 6
25896 6
25897 5
25901 6
25903 5
25904 6
25906 6
25907 5
25908 6
25910 7
25913 6
25914 6
25916 6
25917 6
25918 6
25930 6
25931 5
25934 5
25936 6
25937 5
25938 5
25940 6
25941 5
25943 6
25946 6
25947 6
25948 6
25960 5
25961 6
25963 6
25964 6
25967 5
25968 5
25970 5
25971 6
25973 5
25974 6
25976 4
25978 6
25980 6
25981 7
25983 6
25984 6
25986 6
25987 6
26013 6
26014 6
26015 5
26017 6
26018 6
26019 6
26031 5
26034 5
26035 5
26037 6
26038 6
26039 6
26041 5
26043 6
26045 6
26047 4
26048 6
26049 6
26051 6
26053 6
26054 6
26057 5
26058 5
26059 5
26071 6
26073 6
26074 6
26075 7
26078 6
26079 6
26081 6
26083 6
26084 6
26085 4
26087 5
26089 6
26091 7
26093 6
26094 6
26095 5
26097 6
26098 4
26103 6
26104 6
26105 6
26107 7
26108 6
26109 6
26130 3
26134 4
26135 5
26137 6
26138 6
26139 6
26140 4
26143 5
26145 6
26147 5
26148 5
26149 5
26150 6
26153 6
26154 6
26157 7
26158 5
26159 5
26170 6
26173 7
26174 6
26175 6
26178 5
26179 5
26180 6
26183 6
26184 6
26185 5
26187 6
26189 7
26190 7
26193 6
26194 5
26195 6
26197 5
26198 6
26301 6
26304 5
26305 6
26307 6
26308 6
26309 6
26310 5
26314 5
26315 6
26317 6
26318 7
26319 7
26340 6
26341 4
26345 6
26347 6
26348 5
26349 6
26350 6
26351 6
26354 5
26357 6
26358 6
26359 7
26370 4
26371 6
26374 5
26375 6
26378 6
26379 6
26380 5
26381 6
26384 5
26385 6
26387 6
26389 6
26390 6
26391 6
26394 6
26395 6
26397 6
26398 6
26401 6
26403 6
26405 6
26407 6
26408 6
26409 7
26410 4
26413 4
26415 3
26417 6
26418 5
26419 5
26430 6
26431 6
26435 7
26437 6
26438 6
26439 5
26450 5
26451 4
26453 6
26457 5
26458 6
26459 6
26470 6
26471 5
26473 6
26475 6
26478 6
26479 6
26480 5
26481 6
26483 7
26485 6
26487 5
26489 6
26490 6
26491 5
26493 6
26495 6
26497 6
26498 6
26501 5
26503 6
26504 6
26507 6
26508 6
26509 6
26510 6
26513 5
26514 6
26517 6
26518 6
26519 6
26530 5
26531 4
26534 5
26537 5
26538 5
26539 6
26540 5
26541 4
26543 5
26547 6
26548 6
26549 5
26570 7
26571 7
26573 7
26574 5
26578 4
26579 4
26580 5
26581 5
26583 6
26584 6
26587 3
26589 6
26590 5
26591 6
26593 6
26594 6
26597 4
26598 6
26701 6
26703 5
26704 7
26705 7
26708 6
26709 6
26710 7
26713 6
26714 6
26715 6
26718 5
26719 7
26730 6
26731 6
26734 5
26735 4
26738 6
26739 5
26740 5
26741 6
26743 6
26745 6
26748 6
26749 6
26750 7
26751 6
26753 6
26754 5
26758 5
26759 4
26780 6
26781 6
26783 6
26784 6
26785 5
26789 5
26790 6
26791 6
26793 6
26794 6
26795 4
26798 6
26801 6
26803 6
26804 7
26805 5
26807 6
26809 6
26810 6
26813 5
26814 6
26815 6
26817 6
26819 6
26830 6
26831 6
26834 4
26835 6
26837 6
26839 5
26840 5
26841 5
26843 6
26845 7
26847 6
26849 5
26850 5
26851 6
26853 6
26854 6
26857 6
26859 6
26870 5
26871 5
26873 6
26874 6
26875 6
26879 6
26890 6
26891 6
26893 5
26894 5
26895 6
26897 5
26901 6
26903 6
26904 7
26905 6
26907 6
26908 6
26910 7
26913 6
26914 7
26915 5
26917 6
26918 6
26930 6
26931 6
26934 5
26935 6
26937 6
26938 4
26940 5
26941 6
26943 6
26945 5
26947 6
26948 5
26950 5
26951 5
26953 6
26954 6
26957 5
26958 6
26970 5
26971 5
26973 7
26974 5
26975 5
26978 6
26980 6
26981 7
26983 5
26984 6
26985 6
26987 5
27013 5
27014 6
27015 6
27016 5
27018 6
27019 6
27031 5
27034 5
27035 5
27036 6
27038 5
27039 4
27041 5
27043 6
27045 5
27046 6
27048 6
27049 6
27051 7
27053 6
27054 5
27056 6
27058 6
27059 6
27061 6
27063 5
27064 6
27065 6
27068 6
27069 6
27081 7
27083 6
27084 5
27085 5
27086 5
27089 6
27091 6
27093 6
27094 5
27095 6
27096 5
27098 6
27103 6
27104 6
27105 6
27106 6
27108 6
27109 6
27130 5
27134 5
27135 4
27136 6
27138 6
27139 5
27140 6
27143 6
27145 5
27146 6
27148 5
27149 6
27150 6
27153 6
27154 6
27156 7
27158 6
27159 5
27160 6
27163 6
27164 5
27165 7
27168 6
27169 6
27180 6
27183 6
27184 5
27185 6
27186 5
27189 7
27190 6
27193 7
27194 6
27195 6
27196 6
27198 6
27301 6
27304 5
27305 6
27306 6
27308 6
27309 5
27310 5
27314 6
27315 6
27316 7
27318 7
27319 7
27340 6
27341 6
27345 6
27346 5
27348 6
27349 6
27350 6
27351 6
27354 5
27356 6
27358 6
27359 6
27360 5
27361 6
27364 4
27365 6
27368 6
27369 6
27380 7
27381 6
27384 5
27385 6
27386 5
27389 5
27390 6
27391 7
27394 5
27395 6
27396 7
27398 5
27401 6
27403 6
27405 6
27406 5
27408 7
27409 6
27410 5
27413 5
27415 6
27416 6
27418 6
27419 6
27430 5
27431 6
27435 5
27436 5
27438 5
27439 6
27450 5
27451 6
27453 5
27456 6
27458 6
27459 6
27460 6
27461 6
27463 6
27465 4
27468 6
27469 5
27480 6
27481 7
27483 7
27485 6
27486 6
27489 6
27490 6
27491 7
27493 7
27495 6
27496 5
27498 6
27501 6
27503 5
27504 6
27506 6
27508 6
27509 6
27510 6
27513 6
27514 6
27516 6
27518 6
27519 7
27530 5
27531 6
27534 6
27536 5
27538 5
27539 6
27540 6
27541 5
27543 5
27546 5
27548 5
27549 6
27560 6
27561 6
27563 6
27564 5
27568 5
27569 5
27580 5
27581 6
27583 7
27584 6
27586 4
27589 5
27590 6
27591 7
27593 7
27594 6
27596 5
27598 6
27601 6
27603 5
27604 6
27605 5
27608 6
27609 6
27610 6
27613 5
27614 6
27615 5
27618 6
27619 7
27630 5
27631 5
27634 4
27635 5
27638 6
27639 6
27640 4
27641 5
27643 5
27645 5
27648 5
27649 6
27650 6
27651 6
27653 5
27654 5
27658 5
27659 6
27680 6
27681 6
27683 6
27684 6
27685 6
27689 5
27690 6
27691 6
27693 6
27694 7
27695 6
27698 6
27801 7
27803 6
27804 6
27805 6
27806 7
27809 6
27810 6
27813 7
27814 6
27815 6
27816 7
27819 6
27830 6
27831 5
27834 4
27835 6
27836 6
27839 6
27840 6
27841 5
27843 6
27845 6
27846 6
27849 6
27850 5
27851 6
27853 6
27854 6
27856 6
27859 5
27860 6
27861 6
27863 6
27864 5
27865 6
27869 5
27890 6
27891 6
27893 6
27894 6
27895 6
27896 5
27901 6
27903 7
27904 6
27905 6
27906 6
27908 6
27910 6
27913 6
27914 6
27915 6
27916 7
27918 6
27930 6
27931 6
27934 4
27935 5
27936 6
27938 5
27940 5
27941 6
27943 6
27945 5
27946 6
27948 5
27950 5
27951 6
27953 5
27954 6
27956 6
27958 5
27960 5
27961 6
27963 6
27964 6
27965 6
27968 5
27980 6
27981 6
27983 5
27984 5
27985 6
27986 5
28013 6
28014 6
28015 7
28016 5
28017 5
28019 6
28031 5
28034 5
28035 6
28036 6
28037 5
28039 5
28041 5
28043 5
28045 6
28046 6
28047 6
28049 5
28051 7
28053 6
28054 6
28056 6
28057 7
28059 6
28061 7
28063 5
28064 5
28065 6
28067 5
28069 4
28071 7
28073 7
28074 5
28075 6
28076 7
28079 7
28091 6
28093 6
28094 6
28095 6
28096 6
28097 5
28103 6
28104 6
28105 6
28106 6
28107 6
28109 6
28130 5
28134 5
28135 5
28136 6
28137 6
28139 5
28140 6
28143 6
28145 5
28146 5
28147 6
28149 6
28150 7
28153 6
28154 6
28156 5
28157 7
28159 6
28160 7
28163 7
28164 5
28165 6
28167 5
28169 5
28170 6
28173 7
28174 6
28175 5
28176 4
28179 6
28190 6
28193 7
28194 6
28195 7
28196 6
28197 5
28301 6
28304 5
28305 6
28306 7
28307 7
28309 6
28310 6
28314 5
28315 6
28316 6
28317 6
28319 6
28340 6
28341 6
28345 7
28346 6
28347 6
28349 5
28350 6
28351 5
28354 5
28356 6
28357 6
28359 6
28360 5
28361 6
28364 5
28365 5
28367 6
28369 6
28370 6
28371 6
28374 5
28375 6
28376 6
28379 6
28390 5
28391 6
28394 5
28395 7
28396 6
28397 5
28401 6
28403 5
28405 6
28406 6
28407 7
28409 6
28410 6
28413 6
28415 5
28416 6
28417 7
28419 6
28430 5
28431 6
28435 5
28436 6
28437 4
28439 5
28450 5
28451 5
28453 7
28456 5
28457 6
28459 6
28460 6
28461 5
28463 6
28465 6
28467 4
28469 5
28470 6
28471 7
28473 6
28475 6
28476 7
28479 5
28490 6
28491 6
28493 6
28495 7
28496 6
28497 5
28501 6
28503 7
28504 7
28506 5
28507 6
28509 7
28510 6
28513 6
28514 5
28516 7
28517 6
28519 6
28530 5
28531 5
28534 5
28536 5
28537 6
28539 5
28540 5
28541 5
28543 5
28546 6
28547 7
28549 6
28560 7
28561 7
28563 6
28564 5
28567 4
28569 5
28570 6
28571 6
28573 7
28574 6
28576 5
28579 4
28590 5
28591 7
28593 7
28594 6
28596 6
28597 4
28601 6
28603 5
28604 7
28605 6
28607 6
28609 5
28610 7
28613 5
28614 6
28615 6
28617 6
28619 6
28630 6
28631 6
28634 5
28635 6
28637 6
28639 5
28640 6
28641 5
28643 5
28645 6
28647 6
28649 6
28650 6
28651 6
28653 7
28654 6
28657 6
28659 6
28670 5
28671 7
28673 6
28674 6
28675 5
28679 6
28690 5
28691 6
28693 7
28694 5
28695 7
28697 6
28701 7
28703 6
28704 6
28705 6
28706 6
28709 6
28710 7
28713 6
28714 6
28715 6
28716 7
28719 6
28730 6
28731 6
28734 5
28735 6
28736 5
28739 6
28740 7
28741 6
28743 5
28745 6
28746 6
28749 6
28750 6
28751 6
28753 6
28754 6
28756 5
28759 6
28760 6
28761 6
28763 6
28764 6
28765 5
28769 4
28790 6
28791 7
28793 5
28794 6
28795 7
28796 6
28901 6
28903 6
28904 6
28905 7
28906 5
28907 5
28910 6
28913 6
28914 6
28915 7
28916 6
28917 6
28930 6
28931 6
28934 4
28935 5
28936 4
28937 6
28940 5
28941 6
28943 6
28945 7
28946 6
28947 5
28950 7
28951 7
28953 5
28954 6
28956 5
28957 5
28960 5
28961 5
28963 6
28964 6
28965 5
28967 4
28970 7
28971 6
28973 6
28974 6
28975 6
28976 6
29013 6
29014 6
29015 7
29016 6
29017 5
29018 7
29031 5
29034 5
29035 6
29036 6
29037 5
29038 5
29041 6
29043 5
29045 6
29046 6
29047 6
29048 5
29051 7
29053 6
29054 6
29056 6
29057 6
29058 6
29061 6
29063 6
29064 6
29065 5
29067 6
29068 4
29071 7
29073 6
29074 5
29075 6
29076 7
29078 6
29081 7
29083 6
29084 6
29085 6
29086 6
29087 6
29103 6
29104 5
29105 6
29106 6
29107 6
29108 6
29130 5
29134 5
29135 5
29136 7
29137 6
29138 5
29140 6
29143 6
29145 5
29146 5
29147 6
29148 7
29150 6
29153 7
29154 6
29156 6
29157 6
29158 7
29160 7
29163 6
29164 6
29165 6
29167 6
29168 5
29170 5
29173 7
29174 6
29175 6
29176 6
29178 6
29180 7
29183 6
29184 5
29185 7
29186 5
29187 4
29301 6
29304 5
29305 6
29306 6
29307 6
29308 6
29310 6
29314 5
29315 6
29316 6
29317 7
29318 7
29340 6
29341 7
29345 6
29346 6
29347 6
29348 5
29350 6
29351 6
29354 5
29356 6
29357 6
29358 6
29360 6
29361 6
29364 6
29365 6
29367 5
29368 6
29370 6
29371 7
29374 5
29375 6
29376 7
29378 6
29380 7
29381 5
29384 5
29385 7
29386 6
29387 6
29401 6
29403 5
29405 6
29406 6
29407 6
29408 5
29410 6
29413 6
29415 5
29416 6
29417 7
29418 7
29430 5
29431 6
29435 6
29436 6
29437 5
29438 6
29450 6
29451 5
29453 7
29456 6
29457 6
29458 5
29460 6
29461 5
29463 6
29465 6
29467 5
29468 4
29470 7
29471 7
29473 7
29475 6
29476 6
29478 6
29480 7
29481 7
29483 7
29485 6
29486 6
29487 5
29501 6
29503 6
29504 5
29506 7
29507 6
29508 6
29510 6
29513 5
29514 5
29516 6
29517 6
29518 6
29530 6
29531 5
29534 5
29536 7
29537 5
29538 5
29540 6
29541 5
29543 5
29546 6
29547 6
29548 7
29560 6
29561 6
29563 6
29564 5
29567 4
29568 6
29570 6
29571 7
29573 7
29574 5
29576 5
29578 6
29580 5
29581 7
29583 7
29584 6
29586 6
29587 5
29601 6
29603 6
29604 6
29605 5
29607 6
29608 4
29610 6
29613 6
29614 7
29615 6
29617 6
29618 6
29630 6
29631 6
29634 5
29635 6
29637 5
29638 5
29640 6
29641 6
29643 6
29645 5
29647 6
29648 7
29650 6
29651 6
29653 6
29654 6
29657 6
29658 6
29670 6
29671 6
29673 6
29674 6
29675 5
29678 6
29680 5
29681 7
29683 7
29684 6
29685 6
29687 6
29701 6
29703 7
29704 6
29705 7
29706 7
29708 7
29710 7
29713 7
29714 6
29715 7
29716 7
29718 7
29730 5
29731 6
29734 5
29735 5
29736 6
29738 6
29740 6
29741 6
29743 6
29745 6
29746 7
29748 6
29750 6
29751 7
29753 6
29754 5
29756 5
29758 5
29760 6
29761 7
29763 6
29764 6
29765 5
29768 6
29780 6
29781 6
29783 6
29784 5
29785 6
29786 6
29801 7
29803 5
29804 6
29805 7
29806 6
29807 5
29810 7
29813 7
29814 6
29815 7
29816 7
29817 5
29830 6
29831 5
29834 5
29835 6
29836 6
29837 6
29840 5
29841 6
29843 6
29845 7
29846 7
29847 6
29850 6
29851 6
29853 5
29854 5
29856 6
29857 6
29860 5
29861 5
29863 6
29864 6
29865 6
29867 5
29870 6
29871 7
29873 6
29874 6
29875 6
29876 7
30124 5
30125 6
30126 6
30127 6
30128 6
30129 6
30142 5
30145 6
30146 5
30147 6
30148 4
30149 5
30152 6
30154 5
30156 6
30157 6
30158 6
30159 6
30162 6
30164 6
30165 6
30167 6
30168 5
30169 6
30172 5
30174 5
30175 6
30176 5
30178 5
30179 5
30182 6
30184 5
30185 5
30186 6
30187 5
30189 6
30192 6
30194 5
30195 6
30196 6
30197 6
30198 5
30214 5
30215 5
30216 6
30217 6
30218 5
30219 6
30241 5
30245 6
30246 6
30247 5
30248 5
30249 5
30251 5
30254 4
30256 6
30257 6
30258 6
30259 6
30261 5
30264 4
30265 5
30267 6
30268 6
30269 6
30271 6
30274 4
30275 6
30276 6
30278 6
30279 5
30281 6
30284 4
30285 6
30286 6
30287 5
30289 6
30291 6
30294 4
30295 6
30296 6
30297 5
30298 6
30412 5
30415 6
30416 6
30417 4
30418 5
30419 5
30421 4
30425 6
30426 6
30427 5
30428 5
30429 5
30451 6
30452 6
30456 7
30457 6
30458 6
30459 6
30461 6
30462 5
30465 6
30467 6
30468 6
30469 6
30471 6
30472 6
30475 6
30476 6
30478 3
30479 4
30481 5
30482 5
30485 6
30486 6
30487 5
30489 5
30491 5
30492 5
30495 6
30496 6
30497 5
30498 5
30512 6
30514 5
30516 6
30517 6
30518 6
30519 6
30521 6
30524 6
30526 5
30527 6
30528 6
30529 7
30541 6
30542 5
30546 5
30547 5
30548 5
30549 6
30561 6
30562 6
30564 5
30567 6
30568 6
30569 6
30571 6
30572 6
30574 7
30576 5
30578 6
30579 5
30581 6
30582 6
30584 5
30586 6
30587 6
30589 6
30591 6
30592 6
30594 5
30596 5
30597 4
30598 7
30612 5
30614 5
30615 6
30617 6
30618 5
30619 6
30621 6
30624 6
30625 6
30627 6
30628 6
30629 6
30641 6
30642 6
30645 6
30647 5
30648 5
30649 5
30651 6
30652 4
30654 6
30657 5
30658 5
30659 6
30671 6
30672 5
30674 6
30675 6
30678 5
30679 5
30681 6
30682 6
30684 6
30685 6
30687 5
30689 5
30691 6
30692 6
30694 6
30695 6
30697 6
30698 7
30712 6
30714 4
30715 6
30716 6
30718 5
30719 5
30721 6
30724 6
30725 6
30726 5
30728 5
30729 6
30741 6
30742 6
30745 5
30746 5
30748 6
30749 5
30751 5
30752 6
30754 6
30756 5
30758 6
30759 5
30761 6
30762 6
30764 6
30765 6
30768 6
30769 6
30781 6
30782 5
30784 5
30785 5
30786 5
30789 6
30791 5
30792 6
30794 5
30795 6
30796 5
30798 5
30812 4
30814 5
30815 7
30816 6
30817 5
30819 6
30821 6
30824 6
30825 5
30826 6
30827 6
30829 5
30841 5
30842 4
30845 6
30846 5
30847 5
30849 6
30851 6
30852 6
30854 6
30856 5
30857 6
30859 6
30861 5
30862 6
30864 6
30865 6
30867 6
30869 6
30871 6
30872 5
30874 6
30875 6
30876 4
30879 6
30891 6
30892 6
30894 5
30895 6
30896 6
30897 5
30912 5
30914 5
30915 6
30916 5
30917 6
30918 4
30921 6
30924 6
30925 6
30926 6
30927 6
30928 5
30941 5
30942 6
30945 6
30946 5
30947 6
30948 5
30951 7
30952 5
30954 6
30956 5
30957 6
30958 6
30961 5
30962 6
30964 7
30965 6
30967 6
30968 6
30971 5
30972 5
30974 6
30975 5
30976 5
30978 6
30981 6
30982 6
30984 4
30985 7
30986 7
30987 5
31024 4
31025 5
31026 5
31027 6
31028 6
31029 6
31042 4
31045 4
31046 5
31047 4
31048 5
31049 6
31052 5
31054 5
31056 4
31057 5
31058 5
31059 5
31062 5
31064 5
31065 5
31067 5
31068 5
31069 6
31072 6
31074 5
31075 5
31076 5
31078 6
31079 6
31082 6
31084 4
31085 5
31086 5
31087 5
31089 6
31092 6
31094 5
31095 6
31096 5
31097 6
31098 6
31204 5
31205 5
31206 5
31207 5
31208 5
31209 5
31240 5
31245 4
31246 4
31247 4
31248 5
31249 5
31250 5
31254 4
31256 5
31257 6
31258 5
31259 5
31260 5
31264 4
31265 5
31267 5
31268 6
31269 6
31270 5
31274 5
31275 6
31276 5
31278 5
31279 6
31280 5
31284 4
31285 6
31286 4
31287 5
31289 6
31290 5
31294 4
31295 6
31296 5
31297 4
31298 5
31402 4
31405 5
31406 5
31407 5
31408 5
31409 6
31420 5
31425 5
31426 5
31427 5
31428 5
31429 5
31450 5
31452 5
31456 4
31457 4
31458 4
31459 5
31460 6
31462 6
31465 6
31467 5
31468 6
31469 6
31470 5
31472 5
31475 6
31476 5
31478 5
31479 6
31480 5
31482 5
31485 6
31486 6
31487 6
31489 6
31490 6
31492 5
31495 6
31496 6
31497 5
31498 6
31502 6
31504 6
31506 5
31507 6
31508 6
31509 6
31520 5
31524 5
31526 5
31527 6
31528 6
31529 5
31540 4
31542 6
31546 6
31547 6
31548 6
31549 6
31560 5
31562 5
31564 5
31567 5
31568 5
31569 5
31570 5
31572 6
31574 5
31576 6
31578 6
31579 6
31580 5
31582 6
31584 5
31586 6
31587 5
31589 4
31590 6
31592 5
31594 5
31596 5
31597 5
31598 4
31602 6
31604 6
31605 5
31607 4
31608 5
31609 6
31620 5
31624 5
31625 5
31627 5
31628 6
31629 6
31640 5
31642 6
31645 6
31647 6
31648 6
31649 6
31650 5
31652 5
31654 5
31657 6
31658 5
31659 6
31670 5
31672 5
31674 5
31675 6
31678 6
31679 6
31680 6
31682 5
31684 6
31685 5
31687 5
31689 6
31690 6
31692 6
31694 6
31695 6
31697 6
31698 5
31702 6
31704 5
31705 6
31706 5
31708 6
31709 6
31720 5
31724 6
31725 6
31726 6
31728 6
31729 6
31740 6
31742 5
31745 6
31746 6
31748 6
31749 6
31750 5
31752 6
31754 5
31756 6
31758 6
31759 6
31760 5
31762 6
31764 5
31765 7
31768 5
31769 6
31780 6
31782 6
31784 6
31785 6
31786 6
31789 6
31790 6
31792 6
31794 6
31795 6
31796 5
31798 6
31802 5
31804 4
31805 6
31806 5
31807 6
31809 6
31820 5
31824 5
31825 6
31826 6
31827 5
31829 5
31840 5
31842 5
31845 6
31846 6
31847 6
31849 6
31850 5
31852 6
31854 5
31856 6
31857 5
31859 6
31860 5
31862 6
31864 5
31865 6
31867 5
31869 5
31870 6
31872 6
31874 5
31875 5
31876 6
31879 6
31890 7
31892 6
31894 5
31895 6
31896 6
31897 5
31902 6
31904 5
31905 6
31906 5
31907 6
31908 6
31920 6
31924 5
31925 5
31926 6
31927 6
31928 6
31940 6
31942 5
31945 6
31946 5
31947 6
31948 6
31950 5
31952 6
31954 6
31956 6
31957 6
31958 5
31960 6
31962 6
31964 5
31965 6
31967 6
31968 5
31970 5
31972 5
31974 6
31975 5
31976 6
31978 5
31980 6
31982 6
31984 5
31985 6
31986 6
31987 5
32014 5
32015 5
32016 5
32017 5
32018 5
32019 5
32041 4
32045 6
32046 4
32047 5
32048 5
32049 5
32051 5
32054 5
32056 6
32057 6
32058 7
32059 6
32061 5
32064 6
32065 6
32067 6
32068 5
32069 5
32071 6
32074 5
32075 6
32076 4
32078 5
32079 6
32081 6
32084 6
32085 7
32086 5
32087 5
32089 5
32091 6
32094 6
32095 6
32096 4
32097 5
32098 5
32104 5
32105 5
32106 5
32107 4
32108 4
32109 5
32140 5
32145 4
32146 4
32147 4
32148 5
32149 5
32150 6
32154 6
32156 5
32157 7
32158 6
32159 6
32160 5
32164 6
32165 5
32167 6
32168 6
32169 6
32170 5
32174 6
32175 6
32176 6
32178 6
32179 6
32180 5
32184 6
32185 6
32186 5
32187 6
32189 6
32190 5
32194 6
32195 6
32196 6
32197 7
32198 5
32401 4
32405 5
32406 4
32407 5
32408 4
32409 5
32410 5
32415 5
32416 5
32417 5
32418 5
32419 5
32450 5
32451 5
32456 5
32457 6
32458 6
32459 6
32460 6
32461 5
32465 6
32467 6
32468 5
32469 6
32470 5
32471 5
32475 6
32476 6
32478 6
32479 6
32480 6
32481 5
32485 6
32486 6
32487 7
32489 6
32490 6
32491 6
32495 6
32496 6
32497 7
32498 6
32501 6
32504 6
32506 5
32507 6
32508 5
32509 5
32510 5
32514 6
32516 4
32517 5
32518 6
32519 6
32540 4
32541 4
32546 5
32547 5
32548 4
32549 5
32560 6
32561 5
32564 6
32567 6
32568 7
32569 6
32570 6
32571 6
32574 7
32576 5
32578 6
32579 6
32580 5
32581 5
32584 7
32586 6
32587 5
32589 6
32590 5
32591 6
32594 7
32596 6
32597 5
32598 6
32601 5
32604 6
32605 6
32607 6
32608 6
32609 6
32610 6
32614 6
32615 5
32617 5
32618 6
32619 6
32640 5
32641 5
32645 5
32647 5
32648 5
32649 6
32650 6
32651 6
32654 7
32657 6
32658 5
32659 5
32670 6
32671 6
32674 6
32675 6
32678 5
32679 6
32680 6
32681 6
32684 6
32685 6
32687 6
32689 7
32690 6
32691 6
32694 7
32695 6
32697 7
32698 7
32701 4
32704 5
32705 6
32706 5
32708 5
32709 5
32710 6
32714 6
32715 5
32716 5
32718 6
32719 6
32740 4
32741 4
32745 4
32746 5
32748 6
32749 5
32750 6
32751 6
32754 6
32756 5
32758 6
32759 6
32760 6
32761 6
32764 6
32765 6
32768 6
32769 5
32780 5
32781 6
32784 6
32785 7
32786 6
32789 5
32790 5
32791 6
32794 6
32795 7
32796 7
32798 6
32801 4
32804 5
32805 6
32806 5
32807 5
32809 6
32810 5
32814 5
32815 5
32816 6
32817 7
32819 6
32840 4
32841 5
32845 5
32846 4
32847 5
32849 5
32850 7
32851 6
32854 5
32856 6
32857 6
32859 7
32860 6
32861 6
32864 6
32865 6
32867 5
32869 5
32870 6
32871 6
32874 6
32875 6
32876 5
32879 6
32890 6
32891 6
32894 6
32895 6
32896 5
32897 4
32901 5
32904 6
32905 6
32906 5
32907 5
32908 5
32910 5
32914 5
32915 5
32916 6
32917 7
32918 5
32940 5
32941 5
32945 5
32946 5
32947 5
32948 5
32950 6
32951 6
32954 6
32956 7
32957 6
32958 6
32960 7
32961 6
32964 7
32965 6
32967 5
32968 6
32970 5
32971 7
32974 5
32975 7
32976 7
32978 7
32980 5
32981 6
32984 6
32985 6
32986 7
32987 4
34012 5
34015 5
34016 6
34017 5
34018 5
34019 6
34021 5
34025 6
34026 6
34027 6
34028 6
34029 6
34051 6
34052 6
34056 6
34057 6
34058 6
34059 7
34061 5
34062 5
34065 6
34067 7
34068 6
34069 7
34071 5
34072 6
34075 7
34076 4
34078 5
34079 5
34081 5
34082 6
34085 7
34086 5
34087 5
34089 5
34091 5
34092 6
34095 6
34096 6
34097 5
34098 5
34102 4
34105 6
34106 6
34107 6
34108 6
34109 5
34120 5
34125 5
34126 5
34127 5
34128 6
34129 5
34150 6
34152 5
34156 6
34157 7
34158 6
34159 6
34160 6
34162 5
34165 6
34167 6
34168 6
34169 6
34170 4
34172 5
34175 7
34176 6
34178 5
34179 6
34180 6
34182 5
34185 5
34186 6
34187 7
34189 6
34190 5
34192 6
34195 6
34196 6
34197 7
34198 6
34201 5
34205 6
34206 6
34207 6
34208 5
34209 5
34210 5
34215 6
34216 6
34217 6
34218 6
34219 5
34250 5
34251 6
34256 5
34257 6
34258 6
34259 6
34260 6
34261 6
34265 6
34267 5
34268 6
34269 6
34270 6
34271 6
34275 6
34276 6
34278 5
34279 6
34280 6
34281 6
34285 6
34286 6
34287 4
34289 6
34290 6
34291 6
34295 6
34296 6
34297 5
34298 5
34501 6
34502 6
34506 5
34507 6
34508 6
34509 6
34510 6
34512 4
34516 5
34517 6
34518 6
34519 5
34520 6
34521 5
34526 5
34527 6
34528 7
34529 7
34560 6
34561 6
34562 6
34567 3
34568 5
34569 5
34570 6
34571 6
34572 6
34576 4
34578 5
34579 6
34580 6
34581 6
34582 6
34586 5
34587 5
34589 6
34590 6
34591 6
34592 6
34596 5
34597 5
34598 6
34601 6
34602 6
34605 5
34607 5
34608 6
34609 5
34610 6
34612 4
34615 5
34617 6
34618 7
34619 6
34620 6
34621 5
34625 6
34627 6
34628 7
34629 7
34650 6
34651 6
34652 5
34657 6
34658 6
34659 5
34670 6
34671 6
34672 6
34675 4
34678 5
34679 6
34680 6
34681 5
34682 7
34685 6
34687 5
34689 6
34690 6
34691 6
34692 6
34695 6
34697 6
34698 5
34701 5
34702 6
34705 6
34706 5
34708 4
34709 4
34710 4
34712 5
34715 6
34716 7
34718 6
34719 6
34720 6
34721 5
34725 6
34726 6
34728 7
34729 6
34750 5
34751 6
34752 6
34756 5
34758 5
34759 5
34760 6
34761 6
34762 7
34765 5
34768 5
34769 6
34780 6
34781 6
34782 6
34785 6
34786 6
34789 7
34790 5
34791 6
34792 5
34795 6
34796 5
34798 6
34801 5
34802 5
34805 6
34806 5
34807 6
34809 5
34810 5
34812 5
34815 6
34816 6
34817 6
34819 6
34820 5
34821 6
34825 7
34826 6
34827 6
34829 7
34850 6
34851 6
34852 6
34856 5
34857 5
34859 6
34860 6
34861 6
34862 6
34865 6
34867 5
34869 6
34870 5
34871 6
34872 6
34875 6
34876 5
34879 6
34890 5
34891 7
34892 6
34895 7
34896 6
34897 6
34901 6
34902 6
34905 6
34906 6
34907 6
34908 6
34910 6
34912 5
34915 6
34916 7
34917 7
34918 7
34920 5
34921 5
34925 6
34926 6
34927 6
34928 7
34950 7
34951 6
34952 6
34956 6
34957 6
34958 6
34960 6
34961 6
34962 6
34965 6
34967 5
34968 5
34970 6
34971 7
34972 6
34975 6
34976 6
34978 6
34980 6
34981 6
34982 6
34985 7
34986 6
34987 5
35012 6
35014 5
35016 6
35017 6
35018 6
35019 7
35021 6
35024 6
35026 7
35027 6
35028 6
35029 6
35041 6
35042 6
35046 6
35047 6
35048 6
35049 7
35061 7
35062 5
35064 5
35067 5
35068 5
35069 6
35071 6
35072 6
35074 6
35076 6
35078 5
35079 6
35081 6
35082 6
35084 6
35086 6
35087 6
35089 7
35091 6
35092 6
35094 6
35096 6
35097 5
35098 7
35102 5
35104 5
35106 7
35107 6
35108 7
35109 6
35120 5
35124 5
35126 6
35127 7
35128 6
35129 6
35140 6
35142 5
35146 6
35147 7
35148 5
35149 6
35160 6
35162 6
35164 5
35167 5
35168 6
35169 6
35170 6
35172 6
35174 7
35176 6
35178 6
35179 6
35180 6
35182 5
35184 6
35186 6
35187 6
35189 6
35190 6
35192 5
35194 6
35196 6
35197 6
35198 6
35201 6
35204 5
35206 5
35207 6
35208 7
35209 7
35210 5
35214 5
35216 6
35217 5
35218 5
35219 5
35240 6
35241 6
35246 6
35247 6
35248 7
35249 6
35260 5
35261 5
35264 5
35267 5
35268 6
35269 6
35270 5
35271 4
35274 6
35276 5
35278 5
35279 6
35280 6
35281 4
35284 5
35286 5
35287 5
35289 6
35290 6
35291 5
35294 6
35296 6
35297 4
35298 6
35401 6
35402 6
35406 6
35407 6
35408 6
35409 7
35410 6
35412 5
35416 5
35417 6
35418 6
35419 6
35420 6
35421 5
35426 5
35427 6
35428 6
35429 7
35460 6
35461 6
35462 5
35467 5
35468 5
35469 5
35470 6
35471 7
35472 6
35476 6
35478 6
35479 6
35480 6
35481 6
35482 6
35486 6
35487 6
35489 6
35490 6
35491 6
35492 6
35496 6
35497 5
35498 5
35601 6
35602 5
35604 6
35607 6
35608 5
35609 5
35610 5
35612 5
35614 6
35617 7
35618 5
35619 5
35620 6
35621 5
35624 6
35627 6
35628 6
35629 6
35640 6
35641 5
35642 5
35647 4
35648 6
35649 4
35670 6
35671 6
35672 6
35674 6
35678 6
35679 6
35680 6
35681 5
35682 6
35684 6
35687 6
35689 5
35690 6
35691 6
35692 6
35694 6
35697 6
35698 6
35701 6
35702 6
35704 7
35706 6
35708 5
35709 6
35710 6
35712 6
35714 6
35716 6
35718 7
35719 5
35720 6
35721 6
35724 6
35726 5
35728 7
35729 6
35740 5
35741 5
35742 6
35746 5
35748 5
35749 5
35760 6
35761 6
35762 6
35764 6
35768 5
35769 5
35780 6
35781 6
35782 6
35784 6
35786 6
35789 5
35790 6
35791 7
35792 6
35794 6
35796 5
35798 6
35801 6
35802 5
35804 6
35806 6
35807 7
35809 6
35810 6
35812 5
35814 6
35816 6
35817 6
35819 7
35820 6
35821 5
35824 6
35826 5
35827 7
35829 5
35840 6
35841 5
35842 7
35846 5
35847 6
35849 6
35860 5
35861 6
35862 7
35864 5
35867 5
35869 5
35870 6
35871 7
35872 7
35874 6
35876 6
35879 4
35890 6
35891 6
35892 6
35894 5
35896 6
35897 5
35901 6
35902 6
35904 6
35906 5
35907 5
35908 7
35910 7
35912 5
35914 6
35916 7
35917 6
35918 7
35920 6
35921 6
35924 7
35926 6
35927 6
35928 6
35940 6
35941 6
35942 6
35946 5
35947 6
35948 6
35960 6
35961 6
35962 7
35964 6
35967 5
35968 6
35970 7
35971 6
35972 6
35974 5
35976 6
35978 6
35980 6
35981 7
35982 6
35984 6
35986 7
35987 5
36012 5
36014 5
36015 7
36017 6
36018 6
36019 6
36021 6
36024 5
36025 6
36027 6
36028 6
36029 6
36041 5
36042 6
36045 6
36047 5
36048 5
36049 5
36051 7
36052 5
36054 5
36057 6
36058 6
36059 5
36071 7
36072 6
36074 5
36075 5
36078 5
36079 6
36081 6
36082 6
36084 5
36085 6
36087 6
36089 6
36091 5
36092 6
36094 6
36095 6
36097 7
36098 6
36102 6
36104 5
36105 6
36107 6
36108 5
36109 6
36120 6
36124 5
36125 7
36127 7
36128 6
36129 6
36140 6
36142 5
36145 5
36147 6
36148 6
36149 6
36150 7
36152 5
36154 6
36157 6
36158 5
36159 7
36170 6
36172 6
36174 6
36175 6
36178 5
36179 6
36180 6
36182 6
36184 5
36185 6
36187 6
36189 6
36190 4
36192 5
36194 6
36195 6
36197 6
36198 6
36201 5
36204 5
36205 5
36207 6
36208 6
36209 6
36210 5
36214 4
36215 4
36217 6
36218 5
36219 6
36240 5
36241 6
36245 6
36247 6
36248 6
36249 7
36250 5
36251 6
36254 6
36257 5
36258 5
36259 6
36270 7
36271 6
36274 6
36275 5
36278 5
36279 5
36280 5
36281 5
36284 6
36285 5
36287 6
36289 5
36290 6
36291 6
36294 6
36295 6
36297 6
36298 4
36401 6
36402 6
36405 7
36407 5
36408 6
36409 6
36410 6
36412 5
36415 5
36417 6
36418 5
36419 6
36420 6
36421 6
36425 7
36427 6
36428 6
36429 6
36450 6
36451 6
36452 5
36457 4
36458 5
36459 4
36470 6
36471 6
36472 6
36475 5
36478 6
36479 5
36480 6
36481 5
36482 7
36485 6
36487 5
36489 6
36490 6
36491 4
36492 6
36495 6
36497 5
36498 6
36501 7
36502 7
36504 5
36507 6
36508 5
36509 5
36510 6
36512 6
36514 5
36517 6
36518 6
36519 6
36520 7
36521 6
36524 6
36527 6
36528 6
36529 6
36540 6
36541 5
36542 5
36547 4
36548 5
36549 5
36570 6
36571 6
36572 6
36574 6
36578 6
36579 6
36580 6
36581 7
36582 6
36584 6
36587 5
36589 6
36590 6
36591 6
36592 7
36594 6
36597 5
36598 5
36701 6
36702 6
36704 6
36705 5
36708 5
36709 6
36710 6
36712 5
36714 6
36715 6
36718 6
36719 7
36720 6
36721 7
36724 7
36725 4
36728 6
36729 7
36740 5
36741 6
36742 6
36745 5
36748 4
36749 5
36750 6
36751 6
36752 6
36754 6
36758 6
36759 6
36780 6
36781 7
36782 7
36784 7
36785 6
36789 6
36790 6
36791 6
36792 7
36794 5
36795 6
36798 5
36801 6
36802 5
36804 6
36805 5
36807 6
36809 5
36810 6
36812 6
36814 7
36815 6
36817 5
36819 6
36820 6
36821 5
36824 7
36825 6
36827 6
36829 6
36840 5
36841 6
36842 6
36845 5
36847 6
36849 6
36850 6
36851 5
36852 6
36854 6
36857 5
36859 6
36870 6
36871 6
36872 6
36874 6
36875 6
36879 5
36890 6
36891 6
36892 6
36894 5
36895 6
36897 5
36901 6
36902 6
36904 6
36905 6
36907 6
36908 6
36910 6
36912 5
36914 7
36915 7
36917 6
36918 6
36920 6
36921 6
36924 7
36925 6
36927 6
36928 6
36940 5
36941 6
36942 7
36945 5
36947 5
36948 6
36950 6
36951 7
36952 7
36954 5
36957 5
36958 5
36970 5
36971 7
36972 7
36974 5
36975 6
36978 6
36980 6
36981 5
36982 6
36984 5
36985 6
36987 5
37012 6
37014 6
37015 7
37016 5
37018 4
37019 6
37021 5
37024 6
37025 6
37026 4
37028 5
37029 6
37041 6
37042 6
37045 6
37046 5
37048 6
37049 6
37051 7
37052 6
37054 6
37056 5
37058 6
37059 5
37061 6
37062 6
37064 6
37065 6
37068 6
37069 6
37081 6
37082 6
37084 6
37085 6
37086 4
37089 6
37091 5
37092 6
37094 6
37095 5
37096 5
37098 7
37102 6
37104 5
37105 5
37106 5
37108 5
37109 6
37120 6
37124 6
37125 6
37126 6
37128 6
37129 6
37140 6
37142 6
37145 6
37146 5
37148 6
37149 6
37150 6
37152 6
37154 6
37156 6
37158 5
37159 6
37160 5
37162 6
37164 7
37165 6
37168 6
37169 5
37180 6
37182 5
37184 6
37185 6
37186 6
37189 5
37190 5
37192 6
37194 6
37195 5
37196 6
37198 5
37201 5
37204 5
37205 6
37206 6
37208 6
37209 6
37210 6
37214 4
37215 6
37216 6
37218 6
37219 6
37240 6
37241 6
37245 6
37246 5
37248 5
37249 6
37250 5
37251 6
37254 5
37256 4
37258 6
37259 5
37260 6
37261 6
37264 5
37265 5
37268 6
37269 6
37280 6
37281 6
37284 5
37285 6
37286 6
37289 6
37290 5
37291 6
37294 5
37295 5
37296 4
37298 6
37401 5
37402 5
37405 7
37406 5
37408 6
37409 6
37410 4
37412 5
37415 6
37416 7
37418 6
37419 7
37420 6
37421 5
37425 6
37426 6
37428 6
37429 7
37450 6
37451 7
37452 6
37456 6
37458 5
37459 5
37460 7
37461 6
37462 7
37465 5
37468 5
37469 6
37480 5
37481 6
37482 6
37485 6
37486 6
37489 6
37490 6
37491 6
37492 6
37495 6
37496 6
37498 6
37501 7
37502 6
37504 6
37506 5
37508 5
37509 5
37510 6
37512 7
37514 7
37516 6
37518 6
37519 6
37520 7
37521 7
37524 7
37526 6
37528 6
37529 5
37540 6
37541 5
37542 5
37546 4
37548 5
37549 4
37560 6
37561 6
37562 6
37564 6
37568 6
37569 5
37580 5
37581 6
37582 6
37584 6
37586 5
37589 4
37590 6
37591 5
37592 5
37594 6
37596 6
37598 4
37601 5
37602 5
37604 6
37605 5
37608 3
37609 5
37610 6
37612 6
37614 7
37615 5
37618 5
37619 6
37620 6
37621 7
37624 6
37625 6
37628 5
37629 5
37640 5
37641 6
37642 6
37645 6
37648 4
37649 5
37650 6
37651 6
37652 6
37654 6
37658 5
37659 5
37680 6
37681 5
37682 6
37684 6
37685 6
37689 5
37690 5
37691 6
37692 6
37694 6
37695 6
37698 5
37801 6
37802 6
37804 6
37805 5
37806 5
37809 6
37810 5
37812 5
37814 6
37815 6
37816 6
37819 6
37820 6
37821 6
37824 6
37825 6
37826 6
37829 6
37840 6
37841 6
37842 6
37845 5
37846 5
37849 7
37850 6
37851 6
37852 6
37854 6
37856 4
37859 5
37860 6
37861 6
37862 6
37864 6
37865 6
37869 4
37890 6
37891 7
37892 6
37894 5
37895 5
37896 6
37901 6
37902 5
37904 6
37905 5
37906 5
37908 7
37910 5
37912 6
37914 6
37915 5
37916 6
37918 7
37920 4
37921 7
37924 6
37925 5
37926 6
37928 7
37940 6
37941 6
37942 6
37945 5
37946 5
37948 6
37950 4
37951 6
37952 6
37954 6
37956 5
37958 5
37960 7
37961 6
37962 7
37964 5
37965 6
37968 5
37980 6
37981 7
37982 7
37984 6
37985 6
37986 6
38012 6
38014 5
38015 7
38016 6
38017 7
38019 6
38021 5
38024 5
38025 6
38026 5
38027 7
38029 6
38041 6
38042 5
38045 7
38046 5
38047 5
38049 5
38051 6
38052 6
38054 5
38056 7
38057 6
38059 6
38061 6
38062 6
38064 5
38065 6
38067 5
38069 6
38071 6
38072 6
38074 6
38075 6
38076 6
38079 7
38091 6
38092 6
38094 6
38095 7
38096 6
38097 5
38102 6
38104 6
38105 6
38106 6
38107 6
38109 5
38120 4
38124 5
38125 7
38126 6
38127 6
38129 6
38140 5
38142 5
38145 6
38146 5
38147 6
38149 7
38150 6
38152 7
38154 7
38156 6
38157 6
38159 5
38160 6
38162 5
38164 6
38165 6
38167 6
38169 7
38170 6
38172 4
38174 6
38175 6
38176 6
38179 6
38190 6
38192 5
38194 7
38195 7
38196 6
38197 6
38201 5
38204 5
38205 5
38206 6
38207 5
38209 5
38210 5
38214 5
38215 5
38216 7
38217 6
38219 5
38240 4
38241 5
38245 6
38246 6
38247 4
38249 5
38250 7
38251 6
38254 6
38256 5
38257 5
38259 7
38260 6
38261 6
38264 5
38265 5
38267 5
38269 6
38270 5
38271 6
38274 5
38275 7
38276 6
38279 6
38290 6
38291 6
38294 6
38295 6
38296 4
38297 5
38401 6
38402 6
38405 7
38406 6
38407 6
38409 6
38410 5
38412 6
38415 6
38416 6
38417 7
38419 7
38420 5
38421 5
38425 6
38426 6
38427 6
38429 7
38450 6
38451 6
38452 6
38456 5
38457 5
38459 6
38460 7
38461 6
38462 6
38465 4
38467 4
38469 6
38470 5
38471 5
38472 6
38475 5
38476 5
38479 6
38490 6
38491 7
38492 5
38495 7
38496 5
38497 6
38501 7
38502 6
38504 6
38506 7
38507 7
38509 7
38510 6
38512 5
38514 5
38516 7
38517 7
38519 7
38520 7
38521 6
38524 6
38526 7
38527 6
38529 7
38540 6
38541 6
38542 5
38546 4
38547 6
38549 7
38560 6
38561 6
38562 6
38564 5
38567 5
38569 4
38570 7
38571 7
38572 7
38574 5
38576 5
38579 5
38590 7
38591 7
38592 7
38594 5
38596 5
38597 4
38601 6
38602 6
38604 5
38605 5
38607 6
38609 7
38610 6
38612 5
38614 6
38615 6
38617 6
38619 6
38620 6
38621 6
38624 6
38625 6
38627 6
38629 7
38640 5
38641 6
38642 6
38645 6
38647 6
38649 6
38650 6
38651 6
38652 6
38654 6
38657 6
38659 6
38670 5
38671 6
38672 6
38674 7
38675 6
38679 5
38690 7
38691 7
38692 7
38694 5
38695 7
38697 5
38701 5
38702 6
38704 6
38705 6
38706 6
38709 4
38710 6
38712 6
38714 6
38715 7
38716 6
38719 5
38720 6
38721 7
38724 6
38725 6
38726 6
38729 6
38740 5
38741 6
38742 5
38745 5
38746 5
38749 7
38750 6
38751 6
38752 7
38754 6
38756 5
38759 5
38760 5
38761 5
38762 7
38764 5
38765 5
38769 6
38790 6
38791 6
38792 6
38794 5
38795 6
38796 6
38901 6
38902 6
38904 6
38905 7
38906 7
38907 5
38910 5
38912 6
38914 7
38915 7
38916 7
38917 6
38920 6
38921 6
38924 6
38925 7
38926 7
38927 5
38940 5
38941 7
38942 6
38945 6
38946 7
38947 6
38950 5
38951 7
38952 6
38954 5
38956 6
38957 5
38960 5
38961 6
38962 6
38964 5
38965 6
38967 5
38970 6
38971 7
38972 7
38974 5
38975 6
38976 5
39012 6
39014 6
39015 7
39016 6
39017 5
39018 5
39021 6
39024 5
39025 6
39026 6
39027 5
39028 5
39041 5
39042 5
39045 6
39046 5
39047 5
39048 5
39051 7
39052 6
39054 6
39056 5
39057 6
39058 7
39061 6
39062 6
39064 6
39065 7
39067 6
39068 6
39071 6
39072 6
39074 6
39075 6
39076 6
39078 5
39081 6
39082 6
39084 5
39085 7
39086 6
39087 5
39102 6
39104 5
39105 6
39106 6
39107 6
39108 6
39120 5
39124 5
39125 6
39126 6
39127 6
39128 7
39140 5
39142 6
39145 6
39146 5
39147 6
39148 5
39150 6
39152 7
39154 6
39156 7
39157 7
39158 6
39160 6
39162 5
39164 6
39165 6
39167 6
39168 7
39170 6
39172 6
39174 6
39175 7
39176 7
39178 6
39180 6
39182 6
39184 6
39185 7
39186 6
39187 6
39201 5
39204 5
39205 5
39206 6
39207 6
39208 6
39210 5
39214 5
39215 5
39216 5
39217 6
39218 6
39240 5
39241 5
39245 6
39246 6
39247 6
39248 6
39250 7
39251 6
39254 5
39256 6
39257 5
39258 6
39260 6
39261 6
39264 6
39265 6
39267 5
39268 5
39270 6
39271 6
39274 4
39275 5
39276 5
39278 6
39280 6
39281 6
39284 5
39285 5
39286 5
39287 6
39401 6
39402 6
39405 6
39406 6
39407 6
39408 5
39410 5
39412 5
39415 6
39416 6
39417 6
39418 6
39420 6
39421 6
39425 6
39426 6
39427 7
39428 6
39450 7
39451 6
39452 6
39456 5
39457 6
39458 6
39460 7
39461 6
39462 7
39465 6
39467 5
39468 5
39470 5
39471 7
39472 6
39475 6
39476 5
39478 6
39480 5
39481 6
39482 6
39485 6
39486 6
39487 6
39501 6
39502 7
39504 6
39506 6
39507 7
39508 7
39510 6
39512 6
39514 5
39516 5
39517 6
39518 7
39520 7
39521 6
39524 7
39526 6
39527 5
39528 7
39540 5
39541 6
39542 5
39546 5
39547 5
39548 6
39560 5
39561 7
39562 6
39564 5
39567 5
39568 4
39570 6
39571 6
39572 7
39574 6
39576 6
39578 6
39580 7
39581 7
39582 7
39584 5
39586 6
39587 5
39601 6
39602 5
39604 6
39605 5
39607 6
39608 6
39610 6
39612 6
39614 6
39615 6
39617 6
39618 7
39620 6
39621 6
39624 7
39625 6
39627 5
39628 7
39640 5
39641 6
39642 6
39645 6
39647 5
39648 6
39650 5
39651 6
39652 7
39654 6
39657 5
39658 6
39670 6
39671 6
39672 7
39674 6
39675 6
39678 5
39680 7
39681 7
39682 7
39684 5
39685 6
39687 5
39701 6
39702 6
39704 5
39705 5
39706 6
39708 6
39710 6
39712 6
39714 6
39715 7
39716 7
39718 6
39720 6
39721 6
39724 5
39725 7
39726 7
39728 7
39740 5
39741 5
39742 6
39745 5
39746 6
39748 7
39750 6
39751 7
39752 7
39754 6
39756 5
39758 5
39760 7
39761 7
39762 6
39764 5
39765 6
39768 5
39780 6
39781 7
39782 7
39784 5
39785 6
39786 6
39801 7
39802 7
39804 5
39805 7
39806 6
39807 6
39810 5
39812 6
39814 5
39815 7
39816 7
39817 6
39820 6
39821 6
39824 6
39825 7
39826 6
39827 5
39840 5
39841 6
39842 5
39845 7
39846 7
39847 6
39850 5
39851 6
39852 7
39854 6
39856 7
39857 6
39860 6
39861 7
39862 7
39864 5
39865 5
39867 5
39870 6
39871 7
39872 7
39874 5
39875 5
39876 5
40123 6
40125 5
40126 5
40127 5
40128 6
40129 4
40132 5
40135 5
40136 5
40137 6
40138 6
40139 6
40152 5
40153 6
40156 6
40157 5
40158 6
40159 6
40162 5
40163 6
40165 6
40167 6
40168 5
40169 6
40172 6
40173 5
40175 6
40176 6
40178 6
40179 6
40182 5
40183 6
40185 6
40186 6
40187 6
40189 6
40192 5
40193 5
40195 5
40196 6
40197 6
40198 7
40213 5
40215 5
40216 6
40217 5
40218 5
40219 5
40231 5
40235 4
40236 5
40237 5
40238 5
40239 5
40251 6
40253 6
40256 5
40257 6
40258 6
40259 6
40261 5
40263 4
40265 6
40267 6
40268 5
40269 6
40271 5
40273 3
40275 6
40276 5
40278 5
40279 5
40281 5
40283 4
40285 6
40286 6
40287 5
40289 5
40291 5
40293 5
40295 5
40296 6
40297 4
40298 5
40312 5
40315 5
40316 6
40317 5
40318 6
40319 6
40321 5
40325 6
40326 6
40327 6
40328 5
40329 6
40351 5
40352 5
40356 6
40357 6
40358 6
40359 6
40361 6
40362 5
40365 6
40367 5
40368 6
40369 6
40371 5
40372 6
40375 5
40376 5
40378 6
40379 6
40381 6
40382 6
40385 6
40386 5
40387 6
40389 6
40391 6
40392 6
40395 6
40396 5
40397 6
40398 6
40512 6
40513 6
40516 5
40517 5
40518 6
40519 5
40521 6
40523 6
40526 6
40527 5
40528 6
40529 6
40531 6
40532 5
40536 6
40537 6
40538 6
40539 5
40561 6
40562 6
40563 7
40567 6
40568 6
40569 6
40571 5
40572 6
40573 5
40576 5
40578 6
40579 6
40581 6
40582 7
40583 6
40586 6
40587 6
40589 6
40591 6
40592 7
40593 6
40596 7
40597 6
40598 6
40612 4
40613 5
40615 6
40617 6
40618 5
40619 6
40621 5
40623 6
40625 6
40627 6
40628 6
40629 6
40631 6
40632 5
40635 5
40637 7
40638 6
40639 5
40651 6
40652 6
40653 5
40657 6
40658 6
40659 6
40671 6
40672 6
40673 6
40675 6
40678 6
40679 6
40681 6
40682 5
40683 6
40685 6
40687 7
40689 7
40691 6
40692 5
40693 6
40695 6
40697 6
40698 6
40712 4
40713 5
40715 5
40716 6
40718 6
40719 5
40721 5
40723 5
40725 5
40726 5
40728 7
40729 7
40731 5
40732 5
40735 7
40736 5
40738 6
40739 6
40751 6
40752 5
40753 6
40756 6
40758 7
40759 6
40761 6
40762 5
40763 6
40765 5
40768 6
40769 5
40781 6
40782 6
40783 6
40785 7
40786 5
40789 6
40791 5
40792 6
40793 6
40795 6
40796 7
40798 6
40812 4
40813 5
40815 6
40816 6
40817 6
40819 6
40821 5
40823 6
40825 6
40826 5
40827 6
40829 6
40831 6
40832 5
40835 7
40836 5
40837 6
40839 6
40851 6
40852 5
40853 6
40856 6
40857 6
40859 6
40861 6
40862 5
40863 6
40865 5
40867 5
40869 6
40871 7
40872 6
40873 5
40875 6
40876 6
40879 6
40891 6
40892 6
40893 5
40895 6
40896 6
40897 6
40912 5
40913 5
40915 6
40916 6
40917 7
40918 6
40921 5
40923 5
40925 6
40926 6
40927 6
40928 7
40931 5
40932 5
40935 6
40936 5
40937 6
40938 6
40951 6
40952 6
40953 6
40956 7
40957 5
40958 7
40961 6
40962 5
40963 6
40965 6
40967 5
40968 6
40971 6
40972 6
40973 6
40975 7
40976 6
40978 7
40981 5
40982 6
40983 6
40985 6
40986 7
40987 6
41023 6
41025 6
41026 5
41027 6
41028 6
41029 6
41032 5
41035 5
41036 5
41037 4
41038 4
41039 5
41052 5
41053 4
41056 4
41057 5
41058 5
41059 5
41062 5
41063 4
41065 6
41067 5
41068 6
41069 5
41072 6
41073 5
41075 6
41076 5
41078 6
41079 6
41082 6
41083 5
41085 5
41086 6
41087 5
41089 6
41092 6
41093 5
41095 5
41096 5
41097 6
41098 6
41203 5
41205 5
41206 6
41207 5
41208 5
41209 5
41230 5
41235 5
41236 5
41237 5
41238 5
41239 5
41250 5
41253 5
41256 5
41257 4
41258 5
41259 5
41260 4
41263 5
41265 5
41267 5
41268 6
41269 5
41270 5
41273 5
41275 6
41276 5
41278 5
41279 5
41280 5
41283 5
41285 5
41286 5
41287 4
41289 5
41290 5
41293 5
41295 4
41296 5
41297 4
41298 4
41302 5
41305 5
41306 4
41307 5
41308 5
41309 5
41320 5
41325 5
41326 4
41327 4
41328 5
41329 4
41350 4
41352 4
41356 4
41357 5
41358 5
41359 5
41360 3
41362 5
41365 6
41367 5
41368 5
41369 5
41370 5
41372 5
41375 3
41376 5
41378 6
41379 5
41380 6
41382 5
41385 4
41386 4
41387 5
41389 5
41390 5
41392 5
41395 5
41396 5
41397 4
41398 5
41502 5
41503 5
41506 6
41507 6
41508 6
41509 6
41520 6
41523 6
41526 6
41527 5
41528 5
41529 5
41530 4
41532 4
41536 4
41537 5
41538 4
41539 5
41560 6
41562 6
41563 6
41567 5
41568 5
41569 5
41570 6
41572 5
41573 6
41576 6
41578 5
41579 4
41580 6
41582 4
41583 6
41586 6
41587 5
41589 5
41590 6
41592 6
41593 6
41596 5
41597 4
41598 5
41602 6
41603 4
41605 6
41607 6
41608 6
41609 7
41620 6
41623 6
41625 5
41627 6
41628 6
41629 5
41630 5
41632 4
41635 5
41637 5
41638 6
41639 5
41650 5
41652 5
41653 5
41657 6
41658 5
41659 5
41670 6
41672 5
41673 6
41675 6
41678 6
41679 6
41680 6
41682 6
41683 6
41685 5
41687 5
41689 4
41690 7
41692 6
41693 6
41695 5
41697 6
41698 4
41702 5
41703 5
41705 7
41706 6
41708 6
41709 6
41720 4
41723 6
41725 6
41726 5
41728 6
41729 5
41730 5
41732 5
41735 6
41736 4
41738 5
41739 6
41750 5
41752 5
41753 5
41756 5
41758 6
41759 6
41760 6
41762 6
41763 6
41765 6
41768 6
41769 5
41780 6
41782 4
41783 5
41785 5
41786 6
41789 5
41790 6
41792 4
41793 6
41795 5
41796 6
41798 6
41802 5
41803 6
41805 5
41806 6
41807 6
41809 5
41820 4
41823 6
41825 6
41826 5
41827 6
41829 5
41830 5
41832 5
41835 5
41836 4
41837 6
41839 6
41850 6
41852 5
41853 5
41856 4
41857 5
41859 6
41860 6
41862 6
41863 6
41865 6
41867 5
41869 5
41870 6
41872 6
41873 6
41875 6
41876 5
41879 6
41890 6
41892 5
41893 6
41895 6
41896 5
41897 4
41902 5
41903 6
41905 4
41906 6
41907 6
41908 6
41920 5
41923 5
41925 6
41926 5
41927 6
41928 6
41930 5
41932 5
41935 5
41936 5
41937 5
41938 5
41950 6
41952 5
41953 6
41956 6
41957 6
41958 6
41960 5
41962 6
41963 6
41965 6
41967 4
41968 5
41970 5
41972 6
41973 5
41975 5
41976 5
41978 6
41980 6
41982 5
41983 5
41985 5
41986 5
41987 5
42013 6
42015 5
42016 5
42017 5
42018 4
42019 5
42031 5
42035 5
42036 5
42037 5
42038 6
42039 6
42051 6
42053 5
42056 5
42057 5
42058 6
42059 6
42061 5
42063 6
42065 5
42067 5
42068 6
42069 6
42071 5
42073 6
42075 6
42076 6
42078 6
42079 5
42081 5
42083 5
42085 6
42086 6
42087 6
42089 6
42091 6
42093 6
42095 6
42096 6
42097 6
42098 6
42103 5
42105 5
42106 5
42107 5
42108 4
42109 5
42130 6
42135 6
42136 5
42137 7
42138 6
42139 6
42150 5
42153 5
42156 5
42157 5
42158 5
42159 5
42160 5
42163 5
42165 4
42167 5
42168 5
42169 5
42170 4
42173 5
42175 6
42176 5
42178 6
42179 6
42180 5
42183 6
42185 5
42186 5
42187 6
42189 6
42190 5
42193 5
42195 6
42196 5
42197 6
42198 6
42301 5
42305 5
42306 5
42307 5
42308 5
42309 6
42310 5
42315 4
42316 5
42317 5
42318 5
42319 6
42350 5
42351 6
42356 4
42357 7
42358 6
42359 6
42360 5
42361 5
42365 6
42367 5
42368 6
42369 6
42370 5
42371 6
42375 7
42376 5
42378 5
42379 6
42380 6
42381 6
42385 6
42386 5
42387 6
42389 6
42390 5
42391 5
42395 5
42396 6
42397 6
42398 6
42501 5
42503 4
42506 4
42507 6
42508 5
42509 6
42510 6
42513 5
42516 5
42517 6
42518 5
42519 6
42530 6
42531 6
42536 6
42537 6
42538 6
42539 6
42560 5
42561 5
42563 5
42567 5
42568 6
42569 5
42570 6
42571 5
42573 5
42576 6
42578 6
42579 7
42580 6
42581 6
42583 5
42586 7
42587 6
42589 7
42590 6
42591 6
42593 5
42596 6
42597 6
42598 5
42601 5
42603 5
42605 6
42607 6
42608 6
42609 6
42610 6
42613 6
42615 4
42617 6
42618 5
42619 5
42630 6
42631 6
42635 6
42637 7
42638 6
42639 5
42650 5
42651 5
42653 6
42657 6
42658 6
42659 6
42670 5
42671 5
42673 6
42675 6
42678 6
42679 6
42680 5
42681 5
42683 6
42685 5
42687 6
42689 7
42690 5
42691 5
42693 7
42695 6
42697 7
42698 7
42701 5
42703 5
42705 6
42706 6
42708 7
42709 6
42710 5
42713 5
42715 5
42716 5
42718 6
42719 6
42730 6
42731 6
42735 6
42736 5
42738 6
42739 6
42750 5
42751 5
42753 5
42756 6
42758 6
42759 6
42760 5
42761 5
42763 6
42765 6
42768 6
42769 6
42780 5
42781 6
42783 6
42785 7
42786 6
42789 5
42790 5
42791 6
42793 6
42795 7
42796 6
42798 6
42801 5
42803 4
42805 5
42806 6
42807 6
42809 6
42810 5
42813 6
42815 6
42816 5
42817 6
42819 6
42830 6
42831 6
42835 6
42836 5
42837 6
42839 5
42850 7
42851 6
42853 6
42856 6
42857 6
42859 6
42860 5
42861 4
42863 6
42865 6
42867 5
42869 6
42870 6
42871 6
42873 6
42875 6
42876 6
42879 7
42890 5
42891 7
42893 6
42895 6
42896 5
42897 6
42901 5
42903 5
42905 6
42906 6
42907 7
42908 6
42910 6
42913 5
42915 5
42916 5
42917 6
42918 6
42930 5
42931 6
42935 6
42936 6
42937 6
42938 6
42950 6
42951 5
42953 6
42956 5
42957 7
42958 7
42960 5
42961 6
42963 7
42965 6
42967 6
42968 6
42970 6
42971 6
42973 6
42975 5
42976 7
42978 6
42980 6
42981 7
42983 6
42985 7
42986 7
42987 6
43012 5
43015 5
43016 6
43017 6
43018 5
43019 6
43021 5
43025 6
43026 6
43027 6
43028 6
43029 6
43051 6
43052 5
43056 7
43057 6
43058 6
43059 6
43061 6
43062 5
43065 5
43067 5
43068 7
43069 6
43071 5
43072 6
43075 6
43076 6
43078 6
43079 6
43081 5
43082 6
43085 7
43086 6
43087 4
43089 6
43091 6
43092 6
43095 6
43096 6
43097 6
43098 6
43102 5
43105 6
43106 5
43107 6
43108 6
43109 5
43120 5
43125 6
43126 5
43127 6
43128 5
43129 5
43150 6
43152 5
43156 6
43157 6
43158 6
43159 7
43160 6
43162 5
43165 6
43167 6
43168 5
43169 6
43170 6
43172 6
43175 6
43176 7
43178 6
43179 5
43180 4
43182 6
43185 6
43186 5
43187 6
43189 6
43190 5
43192 5
43195 6
43196 5
43197 5
43198 6
43201 5
43205 6
43206 6
43207 5
43208 5
43209 5
43210 5
43215 6
43216 6
43217 6
43218 5
43219 5
43250 6
43251 6
43256 6
43257 5
43258 6
43259 5
43260 6
43261 6
43265 6
43267 5
43268 6
43269 6
43270 5
43271 5
43275 6
43276 6
43278 5
43279 6
43280 6
43281 6
43285 6
43286 5
43287 4
43289 5
43290 6
43291 6
43295 6
43296 5
43297 5
43298 5
43501 5
43502 5
43506 6
43507 6
43508 6
43509 6
43510 6
43512 6
43516 6
43517 6
43518 6
43519 5
43520 6
43521 6
43526 5
43527 6
43528 7
43529 6
43560 7
43561 6
43562 6
43567 4
43568 5
43569 5
43570 6
43571 6
43572 6
43576 4
43578 6
43579 5
43580 6
43581 6
43582 6
43586 6
43587 5
43589 5
43590 6
43591 6
43592 6
43596 6
43597 6
43598 6
43601 7
43602 6
43605 6
43607 5
43608 5
43609 5
43610 5
43612 4
43615 6
43617 6
43618 6
43619 6
43620 6
43621 6
43625 6
43627 7
43628 5
43629 6
43650 6
43651 5
43652 6
43657 4
43658 5
43659 5
43670 6
43671 6
43672 6
43675 5
43678 5
43679 5
43680 6
43681 6
43682 5
43685 5
43687 4
43689 6
43690 6
43691 6
43692 6
43695 5
43697 5
43698 6
43701 5
43702 5
43705 6
43706 5
43708 5
43709 5
43710 6
43712 5
43715 6
43716 6
43718 6
43719 6
43720 6
43721 6
43725 6
43726 6
43728 6
43729 6
43750 6
43751 7
43752 5
43756 6
43758 5
43759 5
43760 6
43761 5
43762 5
43765 5
43768 6
43769 5
43780 6
43781 6
43782 6
43785 5
43786 6
43789 6
43790 4
43791 6
43792 6
43795 6
43796 5
43798 6
43801 5
43802 6
43805 6
43806 5
43807 5
43809 6
43810 6
43812 5
43815 6
43816 7
43817 6
43819 6
43820 6
43821 5
43825 6
43826 6
43827 6
43829 6
43850 6
43851 6
43852 6
43856 6
43857 5
43859 6
43860 6
43861 5
43862 6
43865 6
43867 4
43869 6
43870 6
43871 6
43872 5
43875 6
43876 5
43879 6
43890 5
43891 5
43892 6
43895 6
43896 5
43897 5
43901 6
43902 6
43905 5
43906 6
43907 5
43908 6
43910 6
43912 5
43915 6
43916 7
43917 6
43918 6
43920 5
43921 5
43925 7
43926 6
43927 6
43928 5
43950 6
43951 6
43952 6
43956 5
43957 5
43958 7
43960 6
43961 6
43962 6
43965 5
43967 5
43968 6
43970 6
43971 6
43972 6
43975 5
43976 4
43978 7
43980 5
43981 7
43982 6
43985 7
43986 6
43987 6
45012 3
45013 6
45016 6
45017 5
45018 6
45019 6
45021 4
45023 6
45026 6
45027 6
45028 4
45029 5
45031 5
45032 5
45036 5
45037 6
45038 5
45039 5
45061 5
45062 5
45063 6
45067 6
45068 6
45069 6
45071 6
45072 6
45073 7
45076 6
45078 7
45079 6
45081 6
45082 5
45083 6
45086 7
45087 6
45089 7
45091 6
45092 6
45093 7
45096 7
45097 6
45098 6
45102 5
45103 6
45106 6
45107 6
45108 5
45109 5
45120 6
45123 5
45126 4
45127 5
45128 6
45129 6
45130 4
45132 5
45136 5
45137 6
45138 5
45139 5
45160 5
45162 5
45163 6
45167 6
45168 5
45169 6
45170 6
45172 5
45173 5
45176 6
45178 5
45179 6
45180 6
45182 5
45183 6
45186 7
45187 7
45189 7
45190 6
45192 5
45193 5
45196 6
45197 7
45198 6
45201 6
45203 6
45206 6
45207 6
45208 6
45209 6
45210 6
45213 6
45216 7
45217 7
45218 6
45219 5
45230 5
45231 5
45236 5
45237 6
45238 4
45239 5
45260 6
45261 6
45263 5
45267 5
45268 6
45269 6
45270 6
45271 7
45273 6
45276 5
45278 6
45279 6
45280 6
45281 7
45283 6
45286 5
45287 5
45289 6
45290 4
45291 6
45293 6
45296 6
45297 5
45298 5
45301 6
45302 6
45306 6
45307 5
45308 6
45309 6
45310 6
45312 4
45316 7
45317 6
45318 6
45319 6
45320 6
45321 6
45326 6
45327 6
45328 6
45329 6
45360 6
45361 6
45362 6
45367 5
45368 6
45369 6
45370 7
45371 6
45372 6
45376 5
45378 5
45379 6
45380 7
45381 5
45382 6
45386 4
45387 6
45389 7
45390 6
45391 5
45392 6
45396 5
45397 6
45398 6
45601 4
45602 6
45603 5
45607 6
45608 6
45609 5
45610 6
45612 5
45613 5
45617 6
45618 6
45619 5
45620 6
45621 5
45623 6
45627 6
45628 6
45629 6
45630 5
45631 6
45632 6
45637 6
45638 6
45639 5
45670 6
45671 6
45672 6
45673 6
45678 6
45679 6
45680 6
45681 5
45682 6
45683 5
45687 6
45689 6
45690 6
45691 6
45692 6
45693 5
45697 6
45698 6
45701 5
45702 3
45703 6
45706 6
45708 6
45709 6
45710 5
45712 5
45713 6
45716 6
45718 6
45719 6
45720 5
45721 5
45723 5
45726 5
45728 6
45729 7
45730 6
45731 7
45732 6
45736 6
45738 6
45739 6
45760 5
45761 4
45762 6
45763 5
45768 6
45769 5
45780 7
45781 6
45782 6
45783 6
45786 5
45789 5
45790 7
45791 7
45792 7
45793 5
45796 4
45798 6
45801 5
45802 5
45803 6
45806 7
45807 7
45809 6
45810 6
45812 5
45813 6
45816 7
45817 6
45819 6
45820 5
45821 6
45823 6
45826 6
45827 6
45829 6
45830 6
45831 4
45832 7
45836 6
45837 4
45839 6
45860 5
45861 6
45862 7
45863 5
45867 5
45869 6
45870 7
45871 5
45872 6
45873 6
45876 5
45879 5
45890 6
45891 6
45892 6
45893 6
45896 6
45897 5
45901 5
45902 5
45903 5
45906 6
45907 6
45908 6
45910 7
45912 4
45913 6
45916 7
45917 7
45918 7
45920 5
45921 5
45923 7
45926 6
45927 6
45928 6
45930 6
45931 5
45932 6
45936 6
45937 5
45938 6
45960 6
45961 6
45962 7
45963 5
45967 5
45968 6
45970 6
45971 7
45972 6
45973 5
45976 6
45978 6
45980 7
45981 7
45982 6
45983 7
45986 5
45987 5
46012 5
46013 6
46015 6
46017 7
46018 6
46019 6
46021 5
46023 6
46025 6
46027 7
46028 6
46029 7
46031 5
46032 6
46035 5
46037 6
46038 4
46039 5
46051 6
46052 5
46053 6
46057 6
46058 6
46059 6
46071 6
46072 6
46073 7
46075 7
46078 6
46079 6
46081 6
46082 6
46083 7
46085 6
46087 6
46089 6
46091 6
46092 6
46093 6
46095 7
46097 6
46098 6
46102 5
46103 6
46105 6
46107 6
46108 5
46109 6
46120 5
46123 5
46125 6
46127 5
46128 6
46129 6
46130 4
46132 6
46135 5
46137 6
46138 6
46139 5
46150 6
46152 5
46153 6
46157 5
46158 6
46159 6
46170 6
46172 5
46173 6
46175 6
46178 6
46179 6
46180 6
46182 6
46183 6
46185 7
46187 6
46189 5
46190 6
46192 6
46193 6
46195 7
46197 7
46198 6
46201 5
46203 6
46205 6
46207 6
46208 6
46209 7
46210 6
46213 6
46215 6
46217 6
46218 6
46219 6
46230 5
46231 5
46235 5
46237 6
46238 5
46239 5
46250 6
46251 6
46253 7
46257 5
46258 5
46259 6
46270 6
46271 6
46273 6
46275 5
46278 6
46279 5
46280 6
46281 7
46283 6
46285 5
46287 5
46289 5
46290 6
46291 6
46293 6
46295 6
46297 5
46298 6
46301 6
46302 6
46305 6
46307 6
46308 6
46309 6
46310 6
46312 5
46315 6
46317 6
46318 6
46319 6
46320 6
46321 5
46325 5
46327 6
46328 7
46329 6
46350 5
46351 6
46352 6
46357 5
46358 6
46359 6
46370 6
46371 6
46372 7
46375 3
46378 5
46379 6
46380 7
46381 5
46382 7
46385 6
46387 4
46389 5
46390 6
46391 5
46392 6
46395 6
46397 5
46398 7
46501 5
46502 6
46503 6
46507 7
46508 5
46509 6
46510 6
46512 6
46513 5
46517 6
46518 7
46519 7
46520 6
46521 6
46523 4
46527 7
46528 6
46529 6
46530 6
46531 6
46532 5
46537 6
46538 5
46539 5
46570 6
46571 7
46572 6
46573 5
46578 6
46579 5
46580 7
46581 7
46582 6
46583 5
46587 5
46589 6
46590 7
46591 7
46592 6
46593 5
46597 6
46598 6
46701 6
46702 5
46703 6
46705 6
46708 6
46709 7
46710 6
46712 5
46713 6
46715 6
46718 6
46719 5
46720 5
46721 5
46723 6
46725 6
46728 6
46729 6
46730 7
46731 6
46732 7
46735 6
46738 5
46739 6
46750 5
46751 6
46752 7
46753 5
46758 6
46759 6
46780 5
46781 6
46782 7
46783 6
46785 6
46789 6
46790 7
46791 7
46792 7
46793 5
46795 6
46798 6
46801 5
46802 5
46803 6
46805 6
46807 6
46809 5
46810 6
46812 5
46813 6
46815 7
46817 5
46819 6
46820 7
46821 5
46823 6
46825 7
46827 6
46829 6
46830 6
46831 6
46832 7
46835 6
46837 5
46839 5
46850 6
46851 7
46852 6
46853 6
46857 6
46859 5
46870 5
46871 5
46872 6
46873 5
46875 6
46879 5
46890 6
46891 6
46892 6
46893 5
46895 6
46897 5
46901 6
46902 5
46903 6
46905 6
46907 6
46908 5
46910 6
46912 5
46913 6
46915 6
46917 6
46918 5
46920 7
46921 5
46923 6
46925 6
46927 6
46928 6
46930 5
46931 6
46932 7
46935 5
46937 6
46938 5
46950 6
46951 7
46952 6
46953 6
46957 6
46958 4
46970 7
46971 6
46972 7
46973 5
46975 6
46978 6
46980 6
46981 6
46982 6
46983 6
46985 6
46987 5
47012 5
47013 5
47015 6
47016 5
47018 6
47019 6
47021 6
47023 6
47025 5
47026 6
47028 7
47029 7
47031 5
47032 4
47035 6
47036 4
47038 6
47039 5
47051 6
47052 6
47053 6
47056 6
47058 6
47059 6
47061 7
47062 6
47063 6
47065 5
47068 7
47069 6
47081 6
47082 6
47083 6
47085 6
47086 6
47089 6
47091 6
47092 6
47093 6
47095 6
47096 6
47098 7
47102 5
47103 6
47105 6
47106 6
47108 6
47109 5
47120 6
47123 5
47125 6
47126 6
47128 6
47129 6
47130 4
47132 6
47135 6
47136 6
47138 5
47139 6
47150 6
47152 5
47153 7
47156 6
47158 6
47159 5
47160 7
47162 6
47163 7
47165 6
47168 5
47169 6
47180 6
47182 6
47183 6
47185 6
47186 5
47189 4
47190 6
47192 6
47193 6
47195 5
47196 6
47198 5
47201 6
47203 5
47205 6
47206 5
47208 5
47209 5
47210 6
47213 5
47215 6
47216 5
47218 6
47219 4
47230 5
47231 5
47235 5
47236 5
47238 6
47239 6
47250 6
47251 6
47253 6
47256 5
47258 6
47259 6
47260 6
47261 6
47263 6
47265 5
47268 5
47269 5
47280 4
47281 5
47283 3
47285 6
47286 6
47289 6
47290 5
47291 5
47293 5
47295 5
47296 6
47298 6
47301 6
47302 6
47305 6
47306 5
47308 6
47309 6
47310 5
47312 5
47315 6
47316 7
47318 7
47319 5
47320 6
47321 6
47325 7
47326 6
47328 6
47329 7
47350 6
47351 7
47352 6
47356 6
47358 6
47359 5
47360 6
47361 7
47362 6
47365 6
47368 6
47369 6
47380 5
47381 4
47382 6
47385 6
47386 6
47389 6
47390 6
47391 5
47392 7
47395 6
47396 6
47398 7
47501 6
47502 6
47503 6
47506 5
47508 6
47509 6
47510 7
47512 6
47513 6
47516 6
47518 6
47519 6
47520 6
47521 6
47523 7
47526 6
47528 6
47529 6
47530 5
47531 5
47532 7
47536 6
47538 5
47539 5
47560 6
47561 5
47562 6
47563 5
47568 5
47569 5
47580 6
47581 6
47582 6
47583 6
47586 6
47589 5
47590 6
47591 6
47592 6
47593 5
47596 6
47598 6
47601 6
47602 5
47603 6
47605 6
47608 5
47609 6
47610 7
47612 6
47613 6
47615 6
47618 6
47619 6
47620 6
47621 6
47623 7
47625 6
47628 6
47629 6
47630 6
47631 6
47632 6
47635 6
47638 7
47639 6
47650 6
47651 6
47652 6
47653 5
47658 5
47659 6
47680 6
47681 5
47682 6
47683 6
47685 6
47689 6
47690 6
47691 6
47692 6
47693 5
47695 7
47698 6
47801 5
47802 5
47803 5
47805 6
47806 6
47809 7
47810 6
47812 6
47813 6
47815 6
47816 6
47819 6
47820 6
47821 6
47823 5
47825 6
47826 6
47829 6
47830 6
47831 6
47832 5
47835 5
47836 6
47839 4
47850 7
47851 5
47852 6
47853 5
47856 4
47859 5
47860 6
47861 5
47862 6
47863 5
47865 6
47869 6
47890 6
47891 7
47892 7
47893 7
47895 5
47896 6
47901 6
47902 6
47903 6
47905 6
47906 6
47908 7
47910 7
47912 6
47913 6
47915 6
47916 7
47918 5
47920 6
47921 6
47923 6
47925 6
47926 6
47928 6
47930 6
47931 5
47932 6
47935 5
47936 5
47938 5
47950 7
47951 6
47952 6
47953 6
47956 5
47958 6
47960 6
47961 6
47962 6
47963 6
47965 6
47968 5
47980 5
47981 6
47982 7
47983 7
47985 6
47986 6
48012 5
48013 4
48015 6
48016 6
48017 7
48019 7
48021 6
48023 6
48025 6
48026 6
48027 5
48029 6
48031 5
48032 5
48035 6
48036 5
48037 5
48039 5
48051 6
48052 6
48053 7
48056 7
48057 6
48059 6
48061 6
48062 5
48063 6
48065 6
48067 6
48069 5
48071 7
48072 6
48073 6
48075 6
48076 6
48079 6
48091 6
48092 6
48093 6
48095 7
48096 6
48097 5
48102 6
48103 6
48105 6
48106 5
48107 4
48109 5
48120 6
48123 6
48125 6
48126 6
48127 5
48129 6
48130 5
48132 6
48135 5
48136 6
48137 6
48139 5
48150 6
48152 6
48153 7
48156 6
48157 6
48159 5
48160 6
48162 6
48163 6
48165 6
48167 5
48169 6
48170 7
48172 6
48173 7
48175 6
48176 7
48179 6
48190 6
48192 6
48193 6
48195 7
48196 5
48197 6
48201 6
48203 5
48205 6
48206 6
48207 4
48209 5
48210 6
48213 4
48215 6
48216 6
48217 5
48219 5
48230 5
48231 4
48235 5
48236 5
48237 4
48239 5
48250 7
48251 6
48253 6
48256 6
48257 5
48259 6
48260 6
48261 5
48263 6
48265 5
48267 5
48269 6
48270 5
48271 5
48273 5
48275 7
48276 7
48279 6
48290 5
48291 5
48293 5
48295 6
48296 5
48297 5
48301 6
48302 6
48305 7
48306 5
48307 6
48309 5
48310 6
48312 5
48315 6
48316 6
48317 5
48319 6
48320 6
48321 6
48325 7
48326 7
48327 6
48329 6
48350 6
48351 5
48352 6
48356 6
48357 6
48359 7
48360 6
48361 6
48362 6
48365 6
48367 5
48369 5
48370 7
48371 6
48372 6
48375 5
48376 6
48379 5
48390 6
48391 6
48392 7
48395 6
48396 6
48397 6
48501 6
48502 6
48503 7
48506 7
48507 7
48509 6
48510 6
48512 6
48513 6
48516 6
48517 6
48519 7
48520 6
48521 6
48523 6
48526 7
48527 6
48529 7
48530 6
48531 5
48532 6
48536 6
48537 5
48539 5
48560 5
48561 6
48562 7
48563 5
48567 4
48569 5
48570 7
48571 6
48572 6
48573 5
48576 6
48579 6
48590 7
48591 6
48592 6
48593 7
48596 5
48597 4
48601 6
48602 6
48603 6
48605 6
48607 6
48609 7
48610 5
48612 5
48613 6
48615 5
48617 6
48619 6
48620 6
48621 6
48623 6
48625 6
48627 7
48629 7
48630 6
48631 7
48632 6
48635 6
48637 6
48639 4
48650 6
48651 6
48652 6
48653 6
48657 6
48659 6
48670 7
48671 6
48672 6
48673 6
48675 6
48679 6
48690 6
48691 6
48692 7
48693 6
48695 6
48697 4
48701 5
48702 6
48703 6
48705 7
48706 6
48709 6
48710 7
48712 5
48713 6
48715 5
48716 7
48719 6
48720 6
48721 6
48723 5
48725 6
48726 7
48729 6
48730 5
48731 6
48732 5
48735 5
48736 6
48739 6
48750 7
48751 6
48752 6
48753 4
48756 4
48759 6
48760 6
48761 4
48762 6
48763 6
48765 5
48769 5
48790 7
48791 6
48792 6
48793 5
48795 6
48796 5
48901 6
48902 6
48903 6
48905 7
48906 6
48907 5
48910 6
48912 6
48913 6
48915 7
48916 7
48917 6
48920 5
48921 6
48923 6
48925 7
48926 7
48927 6
48930 6
48931 5
48932 6
48935 6
48936 6
48937 5
48950 6
48951 7
48952 6
48953 7
48956 6
48957 6
48960 6
48961 5
48962 6
48963 6
48965 5
48967 5
48970 6
48971 7
48972 7
48973 6
48975 6
48976 6
49012 4
49013 5
49015 7
49016 6
49017 7
49018 7
49021 6
49023 6
49025 5
49026 6
49027 7
49028 6
49031 5
49032 6
49035 6
49036 5
49037 6
49038 5
49051 6
49052 5
49053 6
49056 7
49057 6
49058 5
49061 6
49062 4
49063 6
49065 6
49067 6
49068 6
49071 7
49072 5
49073 5
49075 7
49076 7
49078 6
49081 6
49082 7
49083 6
49085 7
49086 7
49087 5
49102 5
49103 6
49105 6
49106 6
49107 6
49108 6
49120 6
49123 5
49125 5
49126 5
49127 6
49128 7
49130 4
49132 5
49135 5
49136 6
49137 6
49138 6
49150 6
49152 5
49153 6
49156 6
49157 7
49158 6
49160 6
49162 5
49163 6
49165 7
49167 5
49168 6
49170 7
49172 6
49173 6
49175 7
49176 7
49178 5
49180 6
49182 5
49183 6
49185 6
49186 6
49187 6
49201 5
49203 5
49205 5
49206 6
49207 6
49208 6
49210 6
49213 5
49215 6
49216 6
49217 6
49218 6
49230 5
49231 4
49235 5
49236 5
49237 4
49238 5
49250 6
49251 6
49253 6
49256 5
49257 5
49258 6
49260 6
49261 6
49263 6
49265 5
49267 5
49268 6
49270 5
49271 6
49273 5
49275 7
49276 6
49278 5
49280 5
49281 5
49283 6
49285 5
49286 4
49287 6
49301 6
49302 6
49305 6
49306 5
49307 5
49308 6
49310 6
49312 5
49315 6
49316 6
49317 6
49318 5
49320 6
49321 6
49325 7
49326 7
49327 6
49328 7
49350 7
49351 6
49352 6
49356 5
49357 6
49358 7
49360 7
49361 7
49362 6
49365 6
49367 6
49368 6
49370 6
49371 6
49372 6
49375 6
49376 6
49378 6
49380 6
49381 6
49382 6
49385 7
49386 5
49387 6
49501 6
49502 6
49503 6
49506 7
49507 7
49508 7
49510 7
49512 5
49513 6
49516 7
49517 6
49518 7
49520 6
49521 6
49523 6
49526 7
49527 7
49528 7
49530 6
49531 6
49532 7
49536 5
49537 5
49538 5
49560 5
49561 6
49562 6
49563 6
49567 5
49568 4
49570 7
49571 5
49572 6
49573 6
49576 6
49578 6
49580 7
49581 7
49582 7
49583 7
49586 5
49587 5
49601 6
49602 6
49603 6
49605 6
49607 6
49608 7
49610 6
49612 5
49613 6
49615 6
49617 7
49618 7
49620 6
49621 6
49623 6
49625 7
49627 5
49628 7
49630 6
49631 7
49632 6
49635 5
49637 6
49638 5
49650 6
49651 6
49652 7
49653 6
49657 6
49658 6
49670 7
49671 6
49672 7
49673 6
49675 5
49678 6
49680 5
49681 7
49682 7
49683 6
49685 6
49687 5
49701 6
49702 5
49703 6
49705 7
49706 6
49708 6
49710 7
49712 5
49713 6
49715 6
49716 7
49718 6
49720 7
49721 6
49723 7
49725 6
49726 7
49728 7
49730 6
49731 6
49732 7
49735 5
49736 6
49738 5
49750 6
49751 6
49752 7
49753 5
49756 5
49758 5
49760 7
49761 5
49762 6
49763 6
49765 5
49768 5
49780 7
49781 7
49782 6
49783 5
49785 7
49786 6
49801 5
49802 6
49803 6
49805 7
49806 7
49807 6
49810 7
49812 6
49813 5
49815 7
49816 6
49817 6
49820 6
49821 7
49823 7
49825 7
49826 7
49827 6
49830 6
49831 6
49832 6
49835 5
49836 5
49837 5
49850 6
49851 7
49852 6
49853 6
49856 7
49857 5
49860 6
49861 6
49862 6
49863 6
49865 5
49867 5
49870 6
49871 7
49872 7
49873 6
49875 6
49876 5
50123 6
50124 6
50126 6
50127 6
50128 6
50129 6
50132 5
50134 5
50136 4
50137 6
50138 5
50139 6
50142 5
50143 6
50146 5
50147 6
50148 6
50149 6
50162 6
50163 6
50164 5
50167 5
50168 5
50169 5
50172 5
50173 6
50174 7
50176 7
50178 6
50179 6
50182 6
50183 7
50184 6
50186 6
50187 5
50189 5
50192 6
50193 6
50194 6
50196 6
50197 4
50198 6
50213 5
50214 4
50216 6
50217 6
50218 6
50219 5
50231 5
50234 4
50236 5
50237 5
50238 5
50239 6
50241 5
50243 5
50246 6
50247 5
50248 6
50249 6
50261 6
50263 5
50264 5
50267 4
50268 5
50269 6
50271 5
50273 5
50274 6
50276 4
50278 5
50279 5
50281 6
50283 6
50284 5
50286 5
50287 5
50289 5
50291 6
50293 6
50294 5
50296 5
50297 5
50298 6
50312 6
50314 6
50316 7
50317 6
50318 7
50319 6
50321 6
50324 4
50326 7
50327 6
50328 6
50329 6
50341 6
50342 5
50346 6
50347 6
50348 5
50349 5
50361 6
50362 5
50364 5
50367 4
50368 5
50369 5
50371 6
50372 6
50374 5
50376 5
50378 6
50379 6
50381 6
50382 6
50384 6
50386 6
50387 6
50389 5
50391 6
50392 6
50394 6
50396 7
50397 5
50398 6
50412 5
50413 6
50416 6
50417 6
50418 5
50419 6
50421 5
50423 6
50426 6
50427 6
50428 5
50429 6
50431 4
50432 5
50436 5
50437 6
50438 6
50439 6
50461 6
50462 5
50463 6
50467 4
50468 5
50469 5
50471 6
50472 6
50473 7
50476 6
50478 5
50479 6
50481 6
50482 6
50483 7
50486 6
50487 5
50489 4
50491 6
50492 5
50493 7
50496 5
50497 5
50498 5
50612 6
50613 6
50614 6
50617 6
50618 6
50619 4
50621 5
50623 6
50624 5
50627 6
50628 5
50629 5
50631 5
50632 4
50634 4
50637 5
50638 6
50639 6
50641 5
50642 4
50643 7
50647 5
50648 7
50649 6
50671 7
50672 6
50673 6
50674 5
50678 6
50679 6
50681 6
50682 6
50683 6
50684 5
50687 6
50689 5
50691 5
50692 6
50693 6
50694 6
50697 6
50698 6
50712 6
50713 7
50714 6
50716 6
50718 5
50719 5
50721 5
50723 6
50724 6
50726 6
50728 6
50729 6
50731 5
50732 6
50734 5
50736 5
50738 6
50739 5
50741 6
50742 6
50743 5
50746 6
50748 6
50749 6
50761 5
50762 5
50763 5
50764 5
50768 6
50769 5
50781 6
50782 6
50783 7
50784 5
50786 6
50789 6
50791 6
50792 6
50793 6
50794 5
50796 6
50798 6
50812 7
50813 7
50814 6
50816 6
50817 5
50819 6
50821 7
50823 6
50824 6
50826 6
50827 5
50829 6
50831 6
50832 6
50834 5
50836 6
50837 6
50839 6
50841 6
50842 5
50843 6
50846 6
50847 5
50849 6
50861 6
50862 5
50863 6
50864 5
50867 5
50869 6
50871 6
50872 6
50873 7
50874 5
50876 6
50879 5
50891 6
50892 5
50893 6
50894 6
50896 6
50897 5
50912 7
50913 7
50914 6
50916 5
50917 5
50918 5
50921 7
50923 6
50924 6
50926 5
50927 5
50928 5
50931 6
50932 6
50934 5
50936 6
50937 5
50938 6
50941 6
50942 6
50943 6
50946 6
50947 5
50948 5
50961 5
50962 5
50963 5
50964 6
50967 5
50968 6
50971 5
50972 6
50973 5
50974 5
50976 6
50978 5
50981 6
50982 5
50983 7
50984 6
50986 6
50987 5
51023 5
51024 5
51026 5
51027 7
51028 6
51029 6
51032 6
51034 4
51036 4
51037 5
51038 5
51039 6
51042 5
51043 3
51046 5
51047 6
51048 5
51049 5
51062 6
51063 4
51064 6
51067 5
51068 4
51069 5
51072 7
51073 5
51074 6
51076 5
51078 6
51079 6
51082 5
51083 6
51084 4
51086 6
51087 5
51089 6
51092 6
51093 5
51094 5
51096 6
51097 6
51098 6
51203 5
51204 5
51206 5
51207 6
51208 6
51209 6
51230 4
51234 3
51236 4
51237 4
51238 4
51239 4
51240 5
51243 5
51246 5
51247 6
51248 6
51249 5
51260 6
51263 5
51264 4
51267 5
51268 4
51269 5
51270 6
51273 5
51274 5
51276 4
51278 6
51279 5
51280 6
51283 6
51284 4
51286 5
51287 5
51289 5
51290 5
51293 5
51294 4
51296 6
51297 5
51298 5
51302 4
51304 5
51306 5
51307 5
51308 5
51309 5
51320 4
51324 4
51326 5
51327 5
51328 6
51329 6
51340 4
51342 4
51346 4
51347 4
51348 5
51349 5
51360 4
51362 6
51364 5
51367 5
51368 5
51369 6
51370 4
51372 5
51374 5
51376 5
51378 6
51379 6
51380 5
51382 6
51384 4
51386 6
51387 6
51389 6
51390 5
51392 6
51394 5
51396 5
51397 6
51398 6
51402 6
51403 5
51406 6
51407 6
51408 7
51409 7
51420 5
51423 5
51426 6
51427 6
51428 5
51429 6
51430 5
51432 5
51436 5
51437 6
51438 6
51439 6
51460 7
51462 6
51463 6
51467 5
51468 6
51469 6
51470 6
51472 6
51473 5
51476 6
51478 6
51479 6
51480 6
51482 6
51483 6
51486 6
51487 5
51489 6
51490 6
51492 6
51493 5
51496 6
51497 5
51498 5
51602 5
51603 5
51604 5
51607 5
51608 6
51609 6
51620 6
51623 5
51624 6
51627 6
51628 5
51629 6
51630 4
51632 4
51634 4
51637 3
51638 4
51639 5
51640 6
51642 6
51643 5
51647 7
51648 6
51649 6
51670 6
51672 5
51673 6
51674 5
51678 4
51679 5
51680 7
51682 5
51683 6
51684 5
51687 5
51689 5
51690 6
51692 6
51693 6
51694 5
51697 5
51698 5
51702 7
51703 5
51704 6
51706 6
51708 6
51709 6
51720 7
51723 6
51724 6
51726 5
51728 5
51729 6
51730 5
51732 5
51734 5
51736 4
51738 4
51739 4
51740 7
51742 6
51743 6
51746 6
51748 6
51749 6
51760 5
51762 6
51763 6
51764 4
51768 5
51769 4
51780 5
51782 6
51783 7
51784 5
51786 4
51789 5
51790 6
51792 6
51793 6
51794 5
51796 5
51798 5
51802 6
51803 5
51804 5
51806 6
51807 5
51809 6
51820 6
51823 6
51824 5
51826 6
51827 6
51829 6
51830 5
51832 6
51834 4
51836 4
51837 4
51839 6
51840 6
51842 5
51843 5
51846 6
51847 5
51849 6
51860 5
51862 6
51863 7
51864 4
51867 4
51869 5
51870 7
51872 6
51873 6
51874 5
51876 5
51879 5
51890 7
51892 7
51893 5
51894 4
51896 5
51897 5
51902 6
51903 6
51904 6
51906 6
51907 6
51908 6
51920 6
51923 6
51924 5
51926 6
51927 6
51928 6
51930 5
51932 6
51934 3
51936 4
51937 4
51938 5
51940 6
51942 5
51943 5
51946 6
51947 5
51948 6
51960 5
51962 6
51963 6
51964 5
51967 5
51968 4
51970 6
51972 7
51973 6
51974 5
51976 5
51978 6
51980 6
51982 5
51983 6
51984 5
51986 5
51987 4
52013 5
52014 6
52016 4
52017 7
52018 5
52019 5
52031 4
52034 4
52036 5
52037 6
52038 6
52039 5
52041 4
52043 5
52046 4
52047 5
52048 5
52049 6
52061 5
52063 7
52064 6
52067 5
52068 5
52069 5
52071 6
52073 6
52074 5
52076 6
52078 6
52079 6
52081 6
52083 6
52084 6
52086 6
52087 5
52089 5
52091 6
52093 7
52094 6
52096 6
52097 5
52098 5
52103 5
52104 6
52106 5
52107 6
52108 6
52109 6
52130 5
52134 5
52136 6
52137 6
52138 5
52139 5
52140 4
52143 4
52146 5
52147 5
52148 5
52149 5
52160 5
52163 5
52164 6
52167 5
52168 5
52169 5
52170 6
52173 6
52174 6
52176 6
52178 5
52179 6
52180 5
52183 6
52184 6
52186 5
52187 6
52189 5
52190 5
52193 6
52194 6
52196 6
52197 5
52198 4
52301 5
52304 5
52306 5
52307 7
52308 6
52309 6
52310 6
52314 6
52316 4
52317 6
52318 6
52319 5
52340 5
52341 5
52346 5
52347 5
52348 5
52349 5
52360 6
52361 6
52364 7
52367 5
52368 5
52369 5
52370 6
52371 6
52374 5
52376 6
52378 6
52379 6
52380 6
52381 6
52384 6
52386 6
52387 5
52389 6
52390 6
52391 5
52394 6
52396 7
52397 5
52398 6
52401 4
52403 6
52406 5
52407 6
52408 7
52409 7
52410 5
52413 6
52416 5
52417 6
52418 5
52419 4
52430 5
52431 4
52436 6
52437 6
52438 5
52439 5
52460 6
52461 5
52463 6
52467 4
52468 4
52469 4
52470 5
52471 6
52473 7
52476 6
52478 6
52479 5
52480 6
52481 5
52483 5
52486 6
52487 4
52489 4
52490 6
52491 5
52493 6
52496 5
52497 4
52498 4
52601 6
52603 7
52604 6
52607 7
52608 6
52609 6
52610 6
52613 6
52614 7
52617 6
52618 6
52619 6
52630 5
52631 5
52634 5
52637 5
52638 6
52639 6
52640 5
52641 5
52643 5
52647 5
52648 6
52649 6
52670 6
52671 6
52673 6
52674 5
52678 5
52679 5
52680 6
52681 5
52683 6
52684 6
52687 5
52689 5
52690 5
52691 6
52693 6
52694 6
52697 5
52698 6
52701 6
52703 6
52704 5
52706 6
52708 6
52709 6
52710 5
52713 6
52714 6
52716 6
52718 4
52719 6
52730 7
52731 6
52734 5
52736 6
52738 6
52739 6
52740 5
52741 4
52743 4
52746 6
52748 7
52749 6
52760 6
52761 6
52763 5
52764 5
52768 4
52769 5
52780 6
52781 6
52783 6
52784 6
52786 5
52789 6
52790 6
52791 6
52793 6
52794 6
52796 6
52798 6
52801 6
52803 7
52804 6
52806 6
52807 5
52809 6
52810 6
52813 6
52814 6
52816 6
52817 5
52819 5
52830 6
52831 6
52834 6
52836 5
52837 5
52839 5
52840 6
52841 5
52843 6
52846 6
52847 6
52849 5
52860 5
52861 5
52863 5
52864 4
52867 5
52869 5
52870 6
52871 5
52873 7
52874 5
52876 6
52879 6
52890 6
52891 6
52893 6
52894 6
52896 5
52897 4
52901 6
52903 7
52904 7
52906 6
52907 5
52908 6
52910 5
52913 6
52914 6
52916 6
52917 6
52918 6
52930 7
52931 6
52934 6
52936 6
52937 5
52938 6
52940 6
52941 5
52943 6
52946 6
52947 6
52948 6
52960 6
52961 5
52963 6
52964 5
52967 5
52968 5
52970 6
52971 5
52973 6
52974 6
52976 6
52978 5
52980 6
52981 6
52983 6
52984 5
52986 5
52987 4
53012 5
53014 5
53016 7
53017 6
53018 6
53019 6
53021 6
53024 6
53026 7
53027 6
53028 5
53029 6
53041 5
53042 5
53046 6
53047 6
53048 6
53049 5
53061 7
53062 6
53064 5
53067 4
53068 5
53069 4
53071 6
53072 5
53074 6
53076 6
53078 5
53079 5
53081 6
53082 6
53084 6
53086 6
53087 4
53089 6
53091 5
53092 5
53094 6
53096 5
53097 5
53098 5
53102 5
53104 6
53106 6
53107 5
53108 5
53109 5
53120 5
53124 6
53126 6
53127 6
53128 7
53129 6
53140 6
53142 4
53146 5
53147 6
53148 6
53149 5
53160 7
53162 6
53164 5
53167 4
53168 5
53169 5
53170 5
53172 6
53174 5
53176 5
53178 5
53179 6
53180 6
53182 6
53184 6
53186 6
53187 5
53189 5
53190 6
53192 6
53194 6
53196 6
53197 5
53198 5
53201 6
53204 4
53206 5
53207 6
53208 6
53209 6
53210 6
53214 4
53216 6
53217 5
53218 6
53219 6
53240 6
53241 5
53246 7
53247 7
53248 6
53249 6
53260 6
53261 5
53264 5
53267 5
53268 6
53269 7
53270 6
53271 6
53274 6
53276 3
53278 5
53279 5
53280 5
53281 6
53284 5
53286 5
53287 7
53289 5
53290 6
53291 6
53294 5
53296 6
53297 6
53298 6
53401 6
53402 6
53406 6
53407 6
53408 5
53409 6
53410 5
53412 5
53416 6
53417 6
53418 5
53419 6
53420 6
53421 6
53426 6
53427 5
53428 6
53429 6
53460 6
53461 6
53462 6
53467 2
53468 5
53469 4
53470 5
53471 7
53472 5
53476 4
53478 5
53479 5
53480 6
53481 6
53482 6
53486 4
53487 4
53489 5
53490 4
53491 6
53492 6
53496 5
53497 4
53498 5
53601 7
53602 6
53604 4
53607 4
53608 5
53609 4
53610 6
53612 5
53614 5
53617 4
53618 5
53619 5
53620 5
53621 6
53624 6
53627 4
53628 6
53629 5
53640 6
53641 5
53642 6
53647 4
53648 5
53649 5
53670 5
53671 6
53672 5
53674 6
53678 6
53679 6
53680 6
53681 5
53682 5
53684 6
53687 5
53689 5
53690 5
53691 6
53692 6
53694 6
53697 6
53698 5
53701 6
53702 5
53704 5
53706 5
53708 6
53709 6
53710 6
53712 6
53714 6
53716 5
53718 6
53719 5
53720 6
53721 7
53724 6
53726 5
53728 6
53729 5
53740 5
53741 6
53742 7
53746 4
53748 5
53749 6
53760 5
53761 5
53762 5
53764 6
53768 5
53769 5
53780 6
53781 6
53782 6
53784 6
53786 6
53789 6
53790 5
53791 6
53792 5
53794 6
53796 6
53798 7
53801 5
53802 5
53804 6
53806 6
53807 5
53809 5
53810 6
53812 6
53814 6
53816 6
53817 5
53819 5
53820 6
53821 6
53824 7
53826 6
53827 5
53829 4
53840 6
53841 6
53842 6
53846 5
53847 4
53849 6
53860 5
53861 5
53862 5
53864 6
53867 5
53869 6
53870 6
53871 6
53872 6
53874 6
53876 6
53879 5
53890 5
53891 5
53892 5
53894 5
53896 5
53897 4
53901 6
53902 5
53904 6
53906 6
53907 5
53908 5
53910 6
53912 6
53914 6
53916 6
53917 5
53918 5
53920 6
53921 6
53924 7
53926 6
53927 5
53928 5
53940 6
53941 5
53942 6
53946 6
53947 5
53948 6
53960 5
53961 5
53962 5
53964 6
53967 4
53968 5
53970 6
53971 6
53972 6
53974 6
53976 6
53978 7
53980 6
53981 6
53982 6
53984 6
53986 6
53987 4
54012 5
54013 6
54016 7
54017 5
54018 7
54019 6
54021 5
54023 5
54026 7
54027 6
54028 6
54029 6
54031 5
54032 5
54036 5
54037 6
54038 5
54039 5
54061 6
54062 6
54063 6
54067 5
54068 5
54069 5
54071 6
54072 5
54073 6
54076 6
54078 7
54079 6
54081 6
54082 5
54083 6
54086 6
54087 5
54089 6
54091 6
54092 6
54093 6
54096 7
54097 5
54098 6
54102 6
54103 6
54106 6
54107 6
54108 6
54109 6
54120 5
54123 6
54126 5
54127 6
54128 6
54129 6
54130 5
54132 6
54136 6
54137 6
54138 5
54139 5
54160 5
54162 5
54163 6
54167 6
54168 5
54169 4
54170 6
54172 6
54173 7
54176 6
54178 6
54179 7
54180 6
54182 5
54183 6
54186 6
54187 5
54189 6
54190 6
54192 6
54193 6
54196 6
54197 5
54198 7
54201 6
54203 6
54206 7
54207 6
54208 6
54209 6
54210 6
54213 6
54216 6
54217 7
54218 6
54219 6
54230 5
54231 5
54236 6
54237 5
54238 5
54239 5
54260 6
54261 6
54263 6
54267 4
54268 6
54269 6
54270 6
54271 7
54273 6
54276 4
54278 6
54279 5
54280 6
54281 6
54283 5
54286 5
54287 6
54289 6
54290 6
54291 7
54293 6
54296 6
54297 6
54298 4
54301 6
54302 6
54306 7
54307 5
54308 6
54309 6
54310 4
54312 6
54316 6
54317 7
54318 6
54319 6
54320 6
54321 5
54326 6
54327 6
54328 6
54329 7
54360 6
54361 7
54362 5
54367 5
54368 5
54369 5
54370 6
54371 7
54372 6
54376 6
54378 6
54379 6
54380 6
54381 6
54382 6
54386 6
54387 5
54389 6
54390 6
54391 6
54392 6
54396 6
54397 5
54398 6
54601 6
54602 6
54603 6
54607 5
54608 6
54609 7
54610 6
54612 4
54613 6
54617 6
54618 6
54619 7
54620 6
54621 4
54623 6
54627 5
54628 6
54629 7
54630 5
54631 6
54632 7
54637 6
54638 6
54639 6
54670 6
54671 5
54672 6
54673 6
54678 5
54679 6
54680 6
54681 6
54682 7
54683 5
54687 6
54689 6
54690 6
54691 5
54692 6
54693 5
54697 5
54698 7
54701 6
54702 5
54703 6
54706 6
54708 5
54709 6
54710 6
54712 4
54713 7
54716 6
54718 6
54719 7
54720 6
54721 6
54723 6
54726 6
54728 6
54729 7
54730 7
54731 6
54732 6
54736 7
54738 5
54739 4
54760 6
54761 6
54762 5
54763 5
54768 6
54769 5
54780 7
54781 6
54782 6
54783 5
54786 6
54789 5
54790 7
54791 6
54792 6
54793 5
54796 5
54798 6
54801 6
54802 5
54803 6
54806 5
54807 5
54809 6
54810 6
54812 5
54813 6
54816 6
54817 5
54819 7
54820 6
54821 6
54823 7
54826 6
54827 5
54829 6
54830 4
54831 6
54832 6
54836 6
54837 5
54839 6
54860 5
54861 5
54862 5
54863 5
54867 6
54869 6
54870 6
54871 7
54872 6
54873 6
54876 5
54879 5
54890 7
54891 6
54892 6
54893 6
54896 6
54897 5
54901 6
54902 5
54903 6
54906 6
54907 4
54908 6
54910 6
54912 5
54913 6
54916 6
54917 5
54918 6
54920 6
54921 6
54923 7
54926 7
54927 5
54928 6
54930 5
54931 6
54932 6
54936 6
54937 6
54938 6
54960 5
54961 5
54962 5
54963 5
54967 5
54968 6
54970 6
54971 6
54972 6
54973 6
54976 5
54978 6
54980 6
54981 7
54982 6
54983 6
54986 6
54987 5
56012 5
56013 6
56014 4
56017 6
56018 7
56019 6
56021 6
56023 7
56024 6
56027 6
56028 6
56029 6
56031 4
56032 5
56034 5
56037 5
56038 6
56039 6
56041 6
56042 6
56043 7
56047 5
56048 7
56049 6
56071 6
56072 7
56073 6
56074 6
56078 5
56079 6
56081 6
56082 6
56083 6
56084 5
56087 6
56089 6
56091 6
56092 6
56093 6
56094 5
56097 5
56098 5
56102 6
56103 7
56104 5
56107 6
56108 6
56109 6
56120 6
56123 6
56124 6
56127 6
56128 6
56129 6
56130 5
56132 5
56134 5
56137 6
56138 6
56139 6
56140 6
56142 6
56143 5
56147 6
56148 6
56149 6
56170 7
56172 6
56173 6
56174 5
56178 6
56179 6
56180 7
56182 6
56183 5
56184 6
56187 4
56189 6
56190 5
56192 6
56193 6
56194 6
56197 6
56198 6
56201 5
56203 5
56204 5
56207 4
56208 6
56209 5
56210 6
56213 5
56214 5
56217 6
56218 4
56219 5
56230 4
56231 4
56234 4
56237 5
56238 4
56239 5
56240 7
56241 6
56243 7
56247 5
56248 5
56249 6
56270 3
56271 5
56273 4
56274 5
56278 4
56279 4
56280 5
56281 3
56283 5
56284 5
56287 5
56289 6
56290 5
56291 5
56293 5
56294 5
56297 4
56298 5
56301 7
56302 6
56304 6
56307 6
56308 6
56309 7
56310 6
56312 5
56314 6
56317 5
56318 6
56319 6
56320 6
56321 6
56324 6
56327 6
56328 7
56329 7
56340 6
56341 6
56342 6
56347 5
56348 6
56349 6
56370 7
56371 6
56372 6
56374 5
56378 6
56379 5
56380 6
56381 6
56382 6
56384 6
56387 6
56389 6
56390 6
56391 6
56392 6
56394 5
56397 6
56398 7
56401 6
56402 5
56403 6
56407 6
56408 5
56409 6
56410 5
56412 5
56413 5
56417 5
56418 5
56419 6
56420 6
56421 4
56423 6
56427 5
56428 6
56429 5
56430 4
56431 5
56432 7
56437 6
56438 5
56439 5
56470 5
56471 5
56472 6
56473 5
56478 6
56479 6
56480 5
56481 4
56482 6
56483 4
56487 6
56489 6
56490 6
56491 6
56492 5
56493 5
56497 6
56498 6
56701 7
56702 6
56703 7
56704 6
56708 6
56709 7
56710 7
56712 6
56713 6
56714 6
56718 5
56719 5
56720 7
56721 6
56723 7
56724 6
56728 4
56729 6
56730 5
56731 5
56732 4
56734 5
56738 4
56739 5
56740 5
56741 6
56742 6
56743 4
56748 6
56749 6
56780 6
56781 5
56782 5
56783 6
56784 5
56789 3
56790 6
56791 5
56792 5
56793 6
56794 6
56798 5
56801 7
56802 7
56803 6
56804 6
56807 6
56809 6
56810 6
56812 6
56813 6
56814 6
56817 5
56819 6
56820 7
56821 6
56823 6
56824 5
56827 6
56829 6
56830 6
56831 6
56832 5
56834 5
56837 5
56839 4
56840 6
56841 6
56842 6
56843 6
56847 5
56849 5
56870 5
56871 5
56872 6
56873 6
56874 5
56879 5
56890 6
56891 7
56892 7
56893 6
56894 5
56897 5
56901 6
56902 6
56903 7
56904 6
56907 6
56908 6
56910 6
56912 6
56913 6
56914 5
56917 5
56918 5
56920 6
56921 6
56923 6
56924 6
56927 6
56928 5
56930 5
56931 5
56932 7
56934 5
56937 5
56938 5
56940 6
56941 6
56942 6
56943 6
56947 7
56948 7
56970 6
56971 5
56972 6
56973 6
56974 5
56978 6
56980 5
56981 6
56982 7
56983 7
56984 5
56987 5
57012 6
57013 7
57014 6
57016 6
57018 6
57019 6
57021 6
57023 7
57024 6
57026 6
57028 7
57029 6
57031 6
57032 5
57034 4
57036 5
57038 5
57039 5
57041 6
57042 5
57043 6
57046 6
57048 7
57049 7
57061 6
57062 6
57063 5
57064 5
57068 5
57069 6
57081 7
57082 7
57083 6
57084 6
57086 5
57089 6
57091 6
57092 6
57093 6
57094 6
57096 5
57098 4
57102 6
57103 6
57104 7
57106 6
57108 6
57109 5
57120 6
57123 7
57124 6
57126 6
57128 6
57129 7
57130 5
57132 4
57134 5
57136 6
57138 6
57139 6
57140 6
57142 6
57143 7
57146 6
57148 7
57149 7
57160 6
57162 6
57163 5
57164 6
57168 5
57169 5
57180 6
57182 5
57183 6
57184 5
57186 5
57189 6
57190 7
57192 7
57193 6
57194 5
57196 5
57198 5
57201 5
57203 6
57204 6
57206 4
57208 5
57209 5
57210 6
57213 5
57214 6
57216 5
57218 6
57219 6
57230 4
57231 6
57234 5
57236 4
57238 5
57239 5
57240 6
57241 6
57243 6
57246 5
57248 6
57249 6
57260 4
57261 6
57263 6
57264 5
57268 5
57269 4
57280 5
57281 5
57283 5
57284 5
57286 5
57289 6
57290 6
57291 6
57293 5
57294 5
57296 5
57298 5
57301 5
57302 6
57304 6
57306 7
57308 6
57309 6
57310 6
57312 7
57314 6
57316 6
57318 6
57319 6
57320 5
57321 7
57324 5
57326 7
57328 6
57329 7
57340 5
57341 6
57342 7
57346 5
57348 6
57349 6
57360 5
57361 6
57362 6
57364 7
57368 6
57369 6
57380 5
57381 7
57382 6
57384 6
57386 6
57389 6
57390 6
57391 6
57392 6
57394 7
57396 5
57398 6
57401 6
57402 4
57403 5
57406 6
57408 6
57409 6
57410 5
57412 5
57413 7
57416 6
57418 5
57419 6
57420 5
57421 6
57423 5
57426 6
57428 6
57429 6
57430 6
57431 6
57432 5
57436 6
57438 6
57439 5
57460 4
57461 5
57462 5
57463 5
57468 6
57469 6
57480 5
57481 5
57482 6
57483 6
57486 5
57489 6
57490 6
57491 6
57492 5
57493 6
57496 5
57498 7
57601 7
57602 5
57603 6
57604 5
57608 5
57609 6
57610 7
57612 7
57613 6
57614 6
57618 4
57619 5
57620 7
57621 7
57623 6
57624 5
57628 4
57629 6
57630 5
57631 5
57632 5
57634 5
57638 4
57639 5
57640 6
57641 6
57642 5
57643 5
57648 6
57649 6
57680 5
57681 5
57682 5
57683 6
57684 5
57689 5
57690 6
57691 6
57692 5
57693 7
57694 5
57698 4
57801 7
57802 6
57803 7
57804 5
57806 5
57809 6
57810 7
57812 6
57813 7
57814 6
57816 6
57819 6
57820 6
57821 6
57823 7
57824 6
57826 6
57829 6
57830 6
57831 6
57832 6
57834 5
57836 5
57839 5
57840 6
57841 7
57842 7
57843 6
57846 6
57849 5
57860 6
57861 4
57862 6
57863 6
57864 6
57869 5
57890 6
57891 5
57892 5
57893 6
57894 5
57896 3
57901 6
57902 6
57903 5
57904 6
57906 6
57908 6
57910 6
57912 6
57913 7
57914 6
57916 6
57918 7
57920 6
57921 6
57923 6
57924 6
57926 6
57928 7
57930 5
57931 5
57932 6
57934 5
57936 5
57938 6
57940 6
57941 7
57942 6
57943 5
57946 6
57948 7
57960 5
57961 6
57962 6
57963 6
57964 5
57968 5
57980 5
57981 6
57982 5
57983 5
57984 6
57986 4
58012 7
58013 7
58014 6
58016 7
58017 6
58019 5
58021 7
58023 7
58024 5
58026 7
58027 6
58029 5
58031 5
58032 6
58034 4
58036 6
58037 7
58039 7
58041 6
58042 6
58043 6
58046 6
58047 6
58049 6
58061 6
58062 6
58063 6
58064 6
58067 5
58069 5
58071 6
58072 5
58073 6
58074 6
58076 5
58079 6
58091 5
58092 6
58093 6
58094 6
58096 5
58097 4
58102 6
58103 6
58104 5
58106 6
58107 5
58109 6
58120 6
58123 6
58124 6
58126 7
58127 6
58129 6
58130 5
58132 5
58134 6
58136 6
58137 6
58139 6
58140 5
58142 5
58143 5
58146 6
58147 5
58149 6
58160 6
58162 6
58163 5
58164 6
58167 6
58169 5
58170 6
58172 6
58173 7
58174 6
58176 6
58179 6
58190 5
58192 6
58193 6
58194 5
58196 6
58197 5
58201 6
58203 7
58204 6
58206 5
58207 5
58209 6
58210 6
58213 5
58214 6
58216 6
58217 6
58219 7
58230 5
58231 5
58234 5
58236 5
58237 3
58239 5
58240 6
58241 5
58243 5
58246 6
58247 5
58249 7
58260 6
58261 6
58263 6
58264 6
58267 4
58269 5
58270 6
58271 5
58273 6
58274 5
58276 4
58279 5
58290 5
58291 6
58293 7
58294 4
58296 4
58297 5
58301 6
58302 5
58304 6
58306 6
58307 6
58309 6
58310 7
58312 6
58314 6
58316 5
58317 6
58319 7
58320 6
58321 5
58324 6
58326 7
58327 6
58329 6
58340 5
58341 4
58342 6
58346 6
58347 6
58349 7
58360 5
58361 6
58362 4
58364 6
58367 5
58369 5
58370 7
58371 6
58372 7
58374 6
58376 6
58379 5
58390 7
58391 7
58392 6
58394 5
58396 7
58397 3
58401 6
58402 6
58403 6
58406 6
58407 5
58409 5
58410 6
58412 4
58413 5
58416 5
58417 5
58419 5
58420 6
58421 6
58423 7
58426 6
58427 4
58429 5
58430 6
58431 6
58432 6
58436 6
58437 6
58439 6
58460 5
58461 5
58462 5
58463 4
58467 6
58469 5
58470 6
58471 5
58472 6
58473 5
58476 6
58479 5
58490 5
58491 4
58492 4
58493 6
58496 5
58497 5
58601 7
58602 6
58603 6
58604 6
58607 5
58609 7
58610 6
58612 6
58613 6
58614 6
58617 5
58619 6
58620 7
58621 6
58623 7
58624 6
58627 6
58629 6
58630 6
58631 6
58632 6
58634 5
58637 4
58639 5
58640 6
58641 6
58642 6
58643 4
58647 6
58649 6
58670 6
58671 4
58672 7
58673 6
58674 5
58679 6
58690 6
58691 6
58692 6
58693 6
58694 6
58697 6
58701 5
58702 6
58703 7
58704 6
58706 6
58709 6
58710 5
58712 6
58713 7
58714 7
58716 6
58719 6
58720 6
58721 7
58723 7
58724 5
58726 6
58729 6
58730 7
58731 5
58732 6
58734 5
58736 4
58739 6
58740 7
58741 6
58742 7
58743 5
58746 7
58749 6
58760 6
58761 5
58762 4
58763 5
58764 4
58769 5
58790 6
58791 6
58792 7
58793 5
58794 6
58796 5
58901 5
58902 5
58903 6
58904 7
58906 6
58907 5
58910 5
58912 5
58913 6
58914 6
58916 6
58917 6
58920 5
58921 5
58923 6
58924 6
58926 6
58927 6
58930 6
58931 5
58932 5
58934 4
58936 5
58937 4
58940 6
58941 5
58942 6
58943 7
58946 5
58947 5
58960 6
58961 5
58962 5
58963 6
58964 5
58967 6
58970 7
58971 6
58972 7
58973 6
58974 6
58976 7
59012 7
59013 6
59014 6
59016 5
59017 5
59018 5
59021 7
59023 6
59024 6
59026 6
59027 5
59028 5
59031 6
59032 6
59034 5
59036 6
59037 6
59038 6
59041 5
59042 6
59043 6
59046 7
59047 6
59048 7
59061 5
59062 5
59063 6
59064 6
59067 6
59068 5
59071 6
59072 6
59073 6
59074 5
59076 5
59078 5
59081 5
59082 6
59083 6
59084 6
59086 7
59087 5
59102 6
59103 6
59104 6
59106 6
59107 6
59108 6
59120 6
59123 6
59124 6
59126 5
59127 5
59128 6
59130 5
59132 5
59134 5
59136 6
59137 6
59138 6
59140 5
59142 5
59143 6
59146 7
59147 6
59148 6
59160 6
59162 5
59163 6
59164 7
59167 6
59168 5
59170 7
59172 6
59173 7
59174 6
59176 6
59178 7
59180 6
59182 6
59183 6
59184 5
59186 7
59187 6
59201 6
59203 7
59204 6
59206 5
59207 6
59208 5
59210 6
59213 5
59214 5
59216 6
59217 6
59218 6
59230 5
59231 5
59234 4
59236 5
59237 4
59238 5
59240 6
59241 7
59243 6
59246 7
59247 4
59248 6
59260 6
59261 6
59263 6
59264 6
59267 4
59268 5
59270 6
59271 5
59273 5
59274 6
59276 5
59278 5
59280 5
59281 6
59283 6
59284 5
59286 5
59287 5
59301 6
59302 5
59304 6
59306 7
59307 5
59308 5
59310 7
59312 6
59314 7
59316 6
59317 5
59318 6
59320 6
59321 6
59324 6
59326 6
59327 4
59328 6
59340 5
59341 5
59342 7
59346 6
59347 6
59348 7
59360 5
59361 6
59362 6
59364 5
59367 5
59368 5
59370 6
59371 7
59372 7
59374 6
59376 5
59378 7
59380 6
59381 7
59382 6
59384 6
59386 6
59387 5
59401 7
59402 6
59403 5
59406 6
59407 5
59408 5
59410 6
59412 4
59413 6
59416 6
59417 5
59418 5
59420 6
59421 6
59423 7
59426 6
59427 5
59428 5
59430 6
59431 6
59432 6
59436 5
59437 6
59438 6
59460 5
59461 5
59462 5
59463 5
59467 6
59468 6
59470 6
59471 6
59472 6
59473 6
59476 6
59478 5
59480 6
59481 5
59482 5
59483 6
59486 6
59487 4
59601 7
59602 6
59603 6
59604 6
59607 5
59608 5
59610 6
59612 6
59613 7
59614 6
59617 6
59618 7
59620 6
59621 6
59623 7
59624 7
59627 6
59628 6
59630 7
59631 7
59632 7
59634 5
59637 5
59638 6
59640 6
59641 6
59642 6
59643 6
59647 7
59648 6
59670 7
59671 6
59672 6
59673 6
59674 6
59678 5
59680 6
59681 7
59682 6
59683 6
59684 5
59687 6
59701 6
59702 6
59703 7
59704 6
59706 5
59708 6
59710 6
59712 6
59713 7
59714 5
59716 5
59718 7
59720 7
59721 6
59723 6
59724 6
59726 6
59728 7
59730 6
59731 6
59732 6
59734 5
59736 5
59738 6
59740 7
59741 7
59742 7
59743 6
59746 6
59748 6
59760 6
59761 5
59762 4
59763 6
59764 5
59768 6
59780 6
59781 6
59782 7
59783 7
59784 6
59786 6
59801 5
59802 6
59803 5
59804 6
59806 6
59807 6
59810 6
59812 5
59813 6
59814 6
59816 6
59817 6
59820 6
59821 5
59823 6
59824 6
59826 7
59827 6
59830 7
59831 6
59832 5
59834 5
59836 5
59837 5
59840 7
59841 6
59842 6
59843 6
59846 6
59847 6
59860 5
59861 5
59862 5
59863 5
59864 5
59867 6
59870 6
59871 7
59872 5
59873 5
59874 5
59876 7
60123 6
60124 6
60125 6
60127 7
60128 7
60129 7
60132 4
60134 5
60135 5
60137 5
60138 5
60139 5
60142 5
60143 6
60145 5
60147 6
60148 5
60149 6
60152 6
60153 7
60154 6
60157 7
60158 5
60159 5
60172 6
60173 6
60174 6
60175 7
60178 6
60179 6
60182 5
60183 6
60184 6
60185 7
60187 7
60189 6
60192 6
60193 6
60194 6
60195 7
60197 6
60198 7
60213 5
60214 5
60215 5
60217 6
60218 6
60219 6
60231 6
60234 4
60235 4
60237 4
60238 4
60239 5
60241 6
60243 5
60245 6
60247 6
60248 6
60249 6
60251 6
60253 5
60254 5
60257 5
60258 5
60259 6
60271 6
60273 6
60274 4
60275 5
60278 5
60279 6
60281 6
60283 6
60284 4
60285 5
60287 4
60289 5
60291 6
60293 6
60294 5
60295 6
60297 6
60298 5
60312 6
60314 6
60315 7
60317 6
60318 6
60319 6
60321 7
60324 5
60325 7
60327 6
60328 6
60329 6
60341 6
60342 6
60345 6
60347 6
60348 6
60349 6
60351 7
60352 6
60354 5
60357 5
60358 6
60359 6
60371 6
60372 6
60374 5
60375 6
60378 5
60379 6
60381 6
60382 5
60384 5
60385 6
60387 7
60389 6
60391 6
60392 6
60394 4
60395 7
60397 7
60398 7
60412 4
60413 7
60415 6
60417 6
60418 6
60419 6
60421 6
60423 7
60425 6
60427 6
60428 6
60429 6
60431 5
60432 5
60435 5
60437 6
60438 5
60439 5
60451 6
60452 5
60453 5
60457 5
60458 5
60459 5
60471 7
60472 6
60473 6
60475 6
60478 6
60479 6
60481 7
60482 7
60483 6
60485 6
60487 5
60489 5
60491 6
60492 6
60493 7
60495 6
60497 5
60498 6
60512 5
60513 6
60514 5
60517 6
60518 6
60519 5
60521 6
60523 7
60524 7
60527 6
60528 6
60529 6
60531 5
60532 5
60534 4
60537 5
60538 5
60539 6
60541 6
60542 5
60543 6
60547 7
60548 7
60549 6
60571 7
60572 7
60573 7
60574 5
60578 6
60579 6
60581 6
60582 6
60583 6
60584 6
60587 6
60589 6
60591 6
60592 6
60593 7
60594 6
60597 5
60598 6
60712 6
60713 6
60714 7
60715 6
60718 6
60719 6
60721 6
60723 5
60724 5
60725 7
60728 6
60729 6
60731 5
60732 5
60734 5
60735 5
60738 6
60739 5
60741 5
60742 5
60743 4
60745 5
60748 6
60749 6
60751 7
60752 6
60753 6
60754 6
60758 6
60759 6
60781 7
60782 6
60783 5
60784 6
60785 5
60789 5
60791 7
60792 7
60793 6
60794 5
60795 5
60798 5
60812 6
60813 6
60814 6
60815 5
60817 6
60819 5
60821 7
60823 6
60824 6
60825 5
60827 6
60829 5
60831 6
60832 4
60834 4
60835 5
60837 6
60839 6
60841 5
60842 5
60843 6
60845 6
60847 5
60849 7
60851 6
60852 6
60853 6
60854 6
60857 6
60859 5
60871 6
60872 6
60873 6
60874 5
60875 6
60879 3
60891 6
60892 6
60893 7
60894 6
60895 5
60897 5
60912 6
60913 6
60914 6
60915 5
60917 6
60918 6
60921 7
60923 6
60924 7
60925 6
60927 6
60928 6
60931 6
60932 5
60934 5
60935 6
60937 6
60938 5
60941 6
60942 5
60943 6
60945 7
60947 7
60948 7
60951 6
60952 7
60953 7
60954 6
60957 5
60958 7
60971 7
60972 7
60973 6
60974 6
60975 6
60978 5
60981 6
60982 5
60983 7
60984 6
60985 6
60987 6
61023 4
61024 5
61025 5
61027 4
61028 5
61029 6
61032 5
61034 4
61035 5
61037 5
61038 5
61039 6
61042 5
61043 4
61045 6
61047 6
61048 6
61049 6
61052 6
61053 3
61054 5
61057 5
61058 6
61059 6
61072 5
61073 5
61074 6
61075 6
61078 6
61079 6
61082 6
61083 5
61084 4
61085 6
61087 5
61089 6
61092 6
61093 5
61094 5
61095 6
61097 5
61098 6
61203 5
61204 4
61205 5
61207 5
61208 5
61209 6
61230 4
61234 4
61235 5
61237 4
61238 5
61239 5
61240 6
61243 5
61245 6
61247 6
61248 6
61249 5
61250 5
61253 5
61254 5
61257 4
61258 5
61259 5
61270 5
61273 4
61274 4
61275 5
61278 6
61279 5
61280 5
61283 5
61284 4
61285 4
61287 4
61289 5
61290 5
61293 6
61294 4
61295 5
61297 5
61298 5
61302 5
61304 6
61305 5
61307 5
61308 5
61309 4
61320 5
61324 5
61325 5
61327 6
61328 4
61329 5
61340 4
61342 5
61345 5
61347 5
61348 5
61349 5
61350 5
61352 5
61354 5
61357 6
61358 6
61359 6
61370 5
61372 5
61374 4
61375 5
61378 6
61379 6
61380 5
61382 6
61384 5
61385 6
61387 6
61389 5
61390 5
61392 5
61394 5
61395 6
61397 6
61398 6
61402 6
61403 5
61405 5
61407 6
61408 6
61409 6
61420 6
61423 5
61425 6
61427 6
61428 6
61429 6
61430 5
61432 5
61435 5
61437 6
61438 6
61439 6
61450 5
61452 5
61453 5
61457 6
61458 6
61459 6
61470 6
61472 5
61473 6
61475 6
61478 6
61479 7
61480 5
61482 6
61483 5
61485 6
61487 6
61489 6
61490 6
61492 6
61493 5
61495 6
61497 6
61498 6
61502 6
61503 5
61504 5
61507 5
61508 5
61509 5
61520 6
61523 6
61524 5
61527 5
61528 5
61529 6
61530 3
61532 5
61534 4
61537 3
61538 4
61539 5
61540 6
61542 6
61543 7
61547 6
61548 6
61549 6
61570 6
61572 6
61573 7
61574 4
61578 5
61579 5
61580 5
61582 6
61583 6
61584 4
61587 4
61589 4
61590 5
61592 6
61593 6
61594 5
61597 5
61598 4
61702 6
61703 5
61704 6
61705 5
61708 6
61709 6
61720 6
61723 6
61724 6
61725 5
61728 6
61729 6
61730 5
61732 5
61734 4
61735 3
61738 5
61739 5
61740 6
61742 6
61743 5
61745 6
61748 6
61749 6
61750 5
61752 5
61753 6
61754 4
61758 5
61759 5
61780 6
61782 6
61783 7
61784 4
61785 6
61789 5
61790 6
61792 6
61793 6
61794 4
61795 6
61798 5
61802 6
61803 5
61804 5
61805 6
61807 5
61809 7
61820 7
61823 6
61824 5
61825 5
61827 6
61829 6
61830 5
61832 5
61834 4
61835 4
61837 4
61839 5
61840 6
61842 6
61843 7
61845 7
61847 6
61849 5
61850 6
61852 5
61853 6
61854 5
61857 6
61859 4
61870 5
61872 6
61873 6
61874 5
61875 5
61879 5
61890 6
61892 6
61893 6
61894 4
61895 4
61897 5
61902 6
61903 5
61904 5
61905 6
61907 6
61908 6
61920 6
61923 6
61924 5
61925 6
61927 6
61928 5
61930 5
61932 5
61934 4
61935 5
61937 4
61938 5
61940 6
61942 6
61943 6
61945 6
61947 6
61948 5
61950 6
61952 6
61953 6
61954 5
61957 6
61958 6
61970 7
61972 5
61973 6
61974 5
61975 5
61978 5
61980 6
61982 6
61983 5
61984 4
61985 6
61987 5
62013 4
62014 6
62015 6
62017 6
62018 5
62019 5
62031 5
62034 5
62035 5
62037 5
62038 6
62039 6
62041 5
62043 5
62045 5
62047 6
62048 6
62049 6
62051 6
62053 5
62054 6
62057 6
62058 7
62059 6
62071 5
62073 6
62074 5
62075 7
62078 5
62079 7
62081 4
62083 6
62084 6
62085 6
62087 7
62089 6
62091 5
62093 6
62094 6
62095 6
62097 6
62098 6
62103 5
62104 6
62105 5
62107 6
62108 5
62109 6
62130 4
62134 5
62135 5
62137 6
62138 7
62139 6
62140 5
62143 3
62145 3
62147 6
62148 5
62149 6
62150 5
62153 6
62154 7
62157 7
62158 6
62159 6
62170 5
62173 5
62174 5
62175 7
62178 7
62179 6
62180 5
62183 5
62184 5
62185 6
62187 7
62189 7
62190 5
62193 6
62194 6
62195 6
62197 6
62198 6
62301 6
62304 6
62305 6
62307 6
62308 7
62309 6
62310 5
62314 5
62315 6
62317 6
62318 5
62319 5
62340 5
62341 4
62345 5
62347 5
62348 5
62349 5
62350 5
62351 6
62354 6
62357 5
62358 7
62359 6
62370 6
62371 6
62374 5
62375 6
62378 7
62379 7
62380 5
62381 6
62384 6
62385 7
62387 6
62389 7
62390 6
62391 6
62394 6
62395 7
62397 6
62398 7
62401 6
62403 5
62405 6
62407 5
62408 6
62409 6
62410 6
62413 6
62415 3
62417 6
62418 6
62419 5
62430 5
62431 6
62435 6
62437 6
62438 6
62439 5
62450 6
62451 5
62453 6
62457 5
62458 6
62459 6
62470 5
62471 6
62473 6
62475 5
62478 5
62479 6
62480 5
62481 6
62483 6
62485 6
62487 5
62489 6
62490 5
62491 5
62493 6
62495 6
62497 5
62498 6
62501 5
62503 7
62504 6
62507 6
62508 6
62509 6
62510 6
62513 5
62514 6
62517 5
62518 6
62519 6
62530 6
62531 6
62534 6
62537 5
62538 5
62539 6
62540 5
62541 4
62543 5
62547 7
62548 6
62549 7
62570 7
62571 7
62573 6
62574 5
62578 5
62579 5
62580 6
62581 6
62583 6
62584 6
62587 4
62589 5
62590 7
62591 6
62593 6
62594 6
62597 5
62598 6
62701 5
62703 5
62704 7
62705 6
62708 7
62709 7
62710 4
62713 5
62714 4
62715 7
62718 7
62719 7
62730 7
62731 5
62734 5
62735 6
62738 6
62739 5
62740 6
62741 6
62743 5
62745 6
62748 7
62749 7
62750 7
62751 7
62753 6
62754 6
62758 5
62759 6
62780 6
62781 6
62783 7
62784 5
62785 5
62789 6
62790 7
62791 7
62793 7
62794 6
62795 5
62798 6
62801 6
62803 6
62804 7
62805 6
62807 6
62809 6
62810 5
62813 6
62814 5
62815 4
62817 6
62819 6
62830 6
62831 6
62834 6
62835 6
62837 5
62839 5
62840 5
62841 6
62843 6
62845 7
62847 6
62849 7
62850 5
62851 5
62853 6
62854 6
62857 4
62859 6
62870 6
62871 7
62873 6
62874 6
62875 6
62879 6
62890 6
62891 7
62893 7
62894 7
62895 6
62897 5
62901 6
62903 5
62904 7
62905 6
62907 6
62908 6
62910 5
62913 6
62914 6
62915 6
62917 6
62918 7
62930 7
62931 7
62934 5
62935 6
62937 5
62938 6
62940 6
62941 6
62943 6
62945 6
62947 6
62948 6
62950 6
62951 5
62953 7
62954 6
62957 6
62958 6
62970 7
62971 6
62973 7
62974 6
62975 6
62978 6
62980 6
62981 7
62983 7
62984 6
62985 6
62987 5
63012 5
63014 5
63015 7
63017 6
63018 6
63019 6
63021 6
63024 6
63025 6
63027 6
63028 6
63029 6
63041 6
63042 6
63045 5
63047 6
63048 6
63049 6
63051 7
63052 6
63054 6
63057 5
63058 5
63059 5
63071 6
63072 6
63074 6
63075 5
63078 6
63079 7
63081 6
63082 6
63084 4
63085 6
63087 6
63089 5
63091 6
63092 6
63094 5
63095 6
63097 6
63098 5
63102 6
63104 5
63105 7
63107 5
63108 6
63109 6
63120 6
63124 6
63125 6
63127 7
63128 6
63129 7
63140 5
63142 5
63145 4
63147 6
63148 5
63149 6
63150 7
63152 5
63154 5
63157 6
63158 6
63159 6
63170 6
63172 6
63174 5
63175 6
63178 5
63179 6
63180 6
63182 6
63184 5
63185 6
63187 6
63189 5
63190 5
63192 6
63194 6
63195 6
63197 6
63198 6
63201 5
63204 4
63205 6
63207 6
63208 5
63209 6
63210 6
63214 4
63215 6
63217 6
63218 6
63219 5
63240 6
63241 5
63245 5
63247 7
63248 6
63249 7
63250 6
63251 6
63254 6
63257 5
63258 6
63259 6
63270 6
63271 6
63274 5
63275 6
63278 6
63279 5
63280 5
63281 5
63284 5
63285 4
63287 6
63289 5
63290 6
63291 6
63294 5
63295 6
63297 5
63298 5
63401 6
63402 6
63405 6
63407 6
63408 6
63409 6
63410 6
63412 5
63415 6
63417 6
63418 6
63419 6
63420 6
63421 6
63425 6
63427 6
63428 7
63429 7
63450 7
63451 6
63452 6
63457 5
63458 5
63459 5
63470 7
63471 7
63472 7
63475 6
63478 5
63479 5
63480 6
63481 6
63482 6
63485 5
63487 5
63489 5
63490 7
63491 6
63492 7
63495 4
63497 5
63498 5
63501 7
63502 7
63504 6
63507 6
63508 6
63509 7
63510 6
63512 6
63514 6
63517 5
63518 6
63519 5
63520 6
63521 6
63524 7
63527 6
63528 5
63529 6
63540 6
63541 6
63542 5
63547 6
63548 6
63549 5
63570 4
63571 5
63572 6
63574 7
63578 6
63579 6
63580 5
63581 5
63582 6
63584 6
63587 6
63589 5
63590 7
63591 6
63592 5
63594 6
63597 6
63598 6
63701 6
63702 5
63704 6
63705 5
63708 6
63709 6
63710 6
63712 6
63714 5
63715 6
63718 5
63719 5
63720 7
63721 7
63724 7
63725 6
63728 6
63729 6
63740 4
63741 6
63742 5
63745 6
63748 5
63749 4
63750 5
63751 5
63752 6
63754 5
63758 6
63759 5
63780 7
63781 4
63782 6
63784 6
63785 6
63789 5
63790 6
63791 5
63792 6
63794 6
63795 4
63798 6
63801 6
63802 6
63804 6
63805 6
63807 5
63809 4
63810 6
63812 5
63814 6
63815 6
63817 5
63819 5
63820 7
63821 7
63824 7
63825 6
63827 6
63829 6
63840 5
63841 5
63842 6
63845 5
63847 5
63849 5
63850 7
63851 5
63852 6
63854 6
63857 6
63859 5
63870 6
63871 5
63872 6
63874 6
63875 5
63879 5
63890 6
63891 6
63892 6
63894 6
63895 5
63897 6
63901 6
63902 6
63904 6
63905 7
63907 6
63908 6
63910 6
63912 6
63914 6
63915 6
63917 6
63918 6
63920 7
63921 7
63924 7
63925 6
63927 6
63928 6
63940 4
63941 5
63942 7
63945 4
63947 5
63948 6
63950 6
63951 7
63952 5
63954 6
63957 6
63958 7
63970 7
63971 6
63972 6
63974 6
63975 5
63978 6
63980 6
63981 6
63982 6
63984 6
63985 7
63987 6
64012 5
64013 5
64015 6
64017 6
64018 7
64019 6
64021 6
64023 6
64025 6
64027 6
64028 6
64029 6
64031 5
64032 5
64035 5
64037 6
64038 5
64039 6
64051 5
64052 4
64053 7
64057 6
64058 6
64059 6
64071 7
64072 6
64073 6
64075 5
64078 6
64079 7
64081 5
64082 6
64083 6
64085 7
64087 7
64089 6
64091 6
64092 5
64093 6
64095 7
64097 6
64098 7
64102 6
64103 6
64105 6
64107 7
64108 5
64109 6
64120 5
64123 5
64125 6
64127 6
64128 6
64129 6
64130 5
64132 6
64135 6
64137 6
64138 6
64139 6
64150 6
64152 5
64153 6
64157 6
64158 6
64159 6
64170 7
64172 5
64173 6
64175 7
64178 6
64179 7
64180 6
64182 6
64183 6
64185 7
64187 6
64189 6
64190 6
64192 6
64193 6
64195 6
64197 6
64198 6
64201 6
64203 5
64205 6
64207 6
64208 6
64209 6
64210 6
64213 6
64215 6
64217 6
64218 6
64219 6
64230 5
64231 5
64235 6
64237 5
64238 5
64239 5
64250 6
64251 7
64253 6
64257 6
64258 6
64259 6
64270 6
64271 7
64273 6
64275 6
64278 6
64279 6
64280 6
64281 6
64283 7
64285 5
64287 6
64289 6
64290 6
64291 6
64293 6
64295 6
64297 6
64298 5
64301 6
64302 6
64305 6
64307 7
64308 6
64309 6
64310 5
64312 6
64315 6
64317 6
64318 6
64319 5
64320 6
64321 6
64325 6
64327 7
64328 7
64329 6
64350 7
64351 6
64352 5
64357 5
64358 5
64359 6
64370 7
64371 6
64372 7
64375 5
64378 5
64379 6
64380 7
64381 6
64382 5
64385 6
64387 5
64389 6
64390 7
64391 5
64392 6
64395 6
64397 6
64398 6
64501 6
64502 6
64503 7
64507 6
64508 6
64509 6
64510 6
64512 6
64513 6
64517 6
64518 6
64519 7
64520 6
64521 6
64523 5
64527 6
64528 6
64529 6
64530 6
64531 6
64532 6
64537 6
64538 6
64539 5
64570 6
64571 6
64572 5
64573 5
64578 6
64579 6
64580 7
64581 7
64582 7
64583 6
64587 6
64589 6
64590 6
64591 7
64592 6
64593 5
64597 6
64598 6
64701 6
64702 5
64703 7
64705 6
64708 6
64709 7
64710 7
64712 6
64713 6
64715 6
64718 7
64719 6
64720 5
64721 6
64723 7
64725 7
64728 6
64729 6
64730 6
64731 6
64732 6
64735 6
64738 6
64739 6
64750 5
64751 6
64752 6
64753 5
64758 6
64759 6
64780 6
64781 6
64782 6
64783 6
64785 7
64789 5
64790 7
64791 6
64792 6
64793 6
64795 6
64798 7
64801 6
64802 6
64803 7
64805 6
64807 6
64809 7
64810 6
64812 5
64813 6
64815 7
64817 6
64819 7
64820 6
64821 5
64823 5
64825 7
64827 6
64829 7
64830 6
64831 6
64832 6
64835 6
64837 6
64839 6
64850 7
64851 6
64852 6
64853 6
64857 6
64859 5
64870 5
64871 7
64872 7
64873 6
64875 6
64879 5
64890 6
64891 7
64892 7
64893 7
64895 5
64897 5
64901 6
64902 5
64903 6
64905 6
64907 7
64908 7
64910 7
64912 6
64913 6
64915 5
64917 6
64918 7
64920 6
64921 5
64923 6
64925 4
64927 7
64928 7
64930 6
64931 6
64932 6
64935 6
64937 6
64938 5
64950 6
64951 5
64952 6
64953 6
64957 6
64958 6
64970 7
64971 6
64972 6
64973 5
64975 6
64978 5
64980 6
64981 7
64982 7
64983 6
64985 7
64987 6
65012 6
65013 7
65014 6
65017 6
65018 6
65019 6
65021 6
65023 6
65024 6
65027 7
65028 6
65029 6
65031 4
65032 4
65034 4
65037 6
65038 6
65039 7
65041 6
65042 6
65043 6
65047 6
65048 6
65049 6
65071 6
65072 5
65073 6
65074 6
65078 6
65079 6
65081 5
65082 6
65083 5
65084 6
65087 7
65089 5
65091 5
65092 6
65093 7
65094 6
65097 7
65098 5
65102 6
65103 6
65104 5
65107 7
65108 6
65109 6
65120 6
65123 6
65124 6
65127 7
65128 7
65129 6
65130 4
65132 5
65134 3
65137 6
65138 6
65139 6
65140 5
65142 5
65143 6
65147 7
65148 6
65149 7
65170 7
65172 7
65173 6
65174 7
65178 6
65179 6
65180 6
65182 7
65183 6
65184 6
65187 5
65189 6
65190 6
65192 7
65193 6
65194 6
65197 6
65198 6
65201 5
65203 5
65204 4
65207 5
65208 6
65209 6
65210 6
65213 5
65214 4
65217 6
65218 5
65219 6
65230 4
65231 5
65234 4
65237 4
65238 4
65239 6
65240 6
65241 6
65243 7
65247 5
65248 6
65249 6
65270 5
65271 6
65273 5
65274 5
65278 4
65279 4
65280 6
65281 5
65283 5
65284 5
65287 5
65289 5
65290 6
65291 6
65293 7
65294 5
65297 5
65298 5
65301 6
65302 6
65304 6
65307 7
65308 6
65309 6
65310 6
65312 6
65314 6
65317 7
65318 6
65319 7
65320 6
65321 6
65324 5
65327 7
65328 7
65329 7
65340 5
65341 6
65342 6
65347 3
65348 6
65349 6
65370 6
65371 6
65372 7
65374 6
65378 6
65379 6
65380 6
65381 7
65382 7
65384 6
65387 6
65389 6
65390 7
65391 6
65392 7
65394 6
65397 6
65398 6
65401 6
65402 6
65403 6
65407 5
65408 6
65409 5
65410 6
65412 5
65413 6
65417 5
65418 5
65419 5
65420 6
65421 5
65423 7
65427 4
65428 6
65429 5
65430 4
65431 5
65432 6
65437 6
65438 6
65439 6
65470 6
65471 6
65472 6
65473 5
65478 5
65479 4
65480 6
65481 5
65482 5
65483 6
65487 6
65489 6
65490 6
65491 6
65492 5
65493 5
65497 6
65498 6
65701 7
65702 7
65703 6
65704 4
65708 5
65709 6
65710 7
65712 7
65713 6
65714 6
65718 5
65719 6
65720 7
65721 7
65723 6
65724 4
65728 5
65729 5
65730 5
65731 6
65732 5
65734 5
65738 5
65739 6
65740 5
65741 6
65742 6
65743 5
65748 6
65749 6
65780 6
65781 6
65782 6
65783 6
65784 5
65789 5
65790 6
65791 5
65792 4
65793 6
65794 6
65798 5
65801 6
65802 5
65803 6
65804 6
65807 6
65809 5
65810 6
65812 5
65813 6
65814 6
65817 6
65819 7
65820 6
65821 6
65823 7
65824 6
65827 5
65829 6
65830 6
65831 7
65832 6
65834 5
65837 5
65839 4
65840 7
65841 7
65842 7
65843 5
65847 6
65849 5
65870 7
65871 5
65872 6
65873 7
65874 5
65879 5
65890 5
65891 6
65892 7
65893 6
65894 4
65897 5
65901 7
65902 7
65903 6
65904 6
65907 6
65908 6
65910 6
65912 6
65913 7
65914 6
65917 6
65918 6
65920 7
65921 6
65923 7
65924 6
65927 6
65928 6
65930 6
65931 6
65932 6
65934 5
65937 5
65938 5
65940 7
65941 7
65942 7
65943 5
65947 6
65948 7
65970 6
65971 7
65972 6
65973 5
65974 6
65978 6
65980 7
65981 7
65982 7
65983 6
65984 6
65987 6
67012 7
67013 5
67014 6
67015 6
67018 7
67019 7
67021 6
67023 6
67024 6
67025 7
67028 5
67029 6
67031 5
67032 5
67034 6
67035 5
67038 5
67039 5
67041 6
67042 6
67043 5
67045 6
67048 6
67049 6
67051 6
67052 6
67053 6
67054 5
67058 5
67059 6
67081 6
67082 6
67083 5
67084 6
67085 5
67089 6
67091 7
67092 7
67093 5
67094 6
67095 6
67098 6
67102 6
67103 6
67104 7
67105 6
67108 6
67109 6
67120 6
67123 6
67124 6
67125 6
67128 6
67129 6
67130 6
67132 5
67134 5
67135 6
67138 6
67139 6
67140 5
67142 5
67143 6
67145 5
67148 6
67149 7
67150 6
67152 7
67153 6
67154 6
67158 6
67159 6
67180 6
67182 6
67183 6
67184 6
67185 5
67189 6
67190 6
67192 7
67193 6
67194 6
67195 6
67198 5
67201 6
67203 6
67204 5
67205 4
67208 6
67209 5
67210 6
67213 6
67214 6
67215 5
67218 5
67219 7
67230 4
67231 5
67234 5
67235 5
67238 4
67239 5
67240 7
67241 6
67243 6
67245 4
67248 6
67249 6
67250 5
67251 5
67253 5
67254 5
67258 3
67259 4
67280 5
67281 5
67283 5
67284 5
67285 5
67289 5
67290 5
67291 6
67293 6
67294 5
67295 4
67298 5
67301 5
67302 4
67304 5
67305 6
67308 6
67309 5
67310 6
67312 6
67314 5
67315 6
67318 5
67319 7
67320 6
67321 7
67324 5
67325 6
67328 6
67329 7
67340 4
67341 6
67342 6
67345 5
67348 5
67349 6
67350 6
67351 7
67352 6
67354 6
67358 5
67359 4
67380 6
67381 5
67382 6
67384 7
67385 7
67389 4
67390 6
67391 6
67392 6
67394 7
67395 7
67398 7
67401 6
67402 6
67403 7
67405 6
67408 6
67409 6
67410 6
67412 4
67413 6
67415 6
67418 5
67419 5
67420 6
67421 6
67423 7
67425 6
67428 6
67429 6
67430 5
67431 6
67432 6
67435 7
67438 6
67439 6
67450 5
67451 5
67452 6
67453 6
67458 6
67459 6
67480 6
67481 6
67482 7
67483 5
67485 6
67489 5
67490 6
67491 6
67492 6
67493 6
67495 6
67498 6
67501 7
67502 7
67503 6
67504 5
67508 6
67509 6
67510 7
67512 7
67513 6
67514 6
67518 6
67519 5
67520 7
67521 7
67523 6
67524 6
67528 5
67529 4
67530 4
67531 6
67532 6
67534 5
67538 6
67539 5
67540 5
67541 6
67542 6
67543 6
67548 6
67549 6
67580 7
67581 5
67582 5
67583 6
67584 5
67589 5
67590 5
67591 6
67592 5
67593 5
67594 5
67598 4
67801 5
67802 6
67803 6
67804 6
67805 6
67809 5
67810 6
67812 6
67813 6
67814 6
67815 6
67819 6
67820 7
67821 6
67823 6
67824 6
67825 6
67829 5
67830 6
67831 6
67832 6
67834 5
67835 5
67839 5
67840 6
67841 6
67842 6
67843 5
67845 7
67849 6
67850 5
67851 6
67852 7
67853 5
67854 5
67859 6
67890 6
67891 6
67892 4
67893 5
67894 4
67895 5
67901 7
67902 6
67903 5
67904 6
67905 7
67908 5
67910 6
67912 7
67913 7
67914 6
67915 5
67918 7
67920 6
67921 7
67923 7
67924 6
67925 6
67928 5
67930 6
67931 6
67932 6
67934 5
67935 5
67938 5
67940 6
67941 7
67942 6
67943 6
67945 6
67948 6
67950 6
67951 5
67952 5
67953 5
67954 5
67958 5
67980 4
67981 6
67982 6
67983 7
67984 5
67985 6
68012 6
68013 6
68014 6
68015 6
68017 7
68019 6
68021 6
68023 6
68024 5
68025 6
68027 6
68029 5
68031 4
68032 5
68034 5
68035 7
68037 7
68039 6
68041 6
68042 6
68043 5
68045 6
68047 7
68049 7
68051 6
68052 6
68053 6
68054 6
68057 6
68059 6
68071 7
68072 6
68073 4
68074 6
68075 6
68079 6
68091 6
68092 5
68093 7
68094 6
68095 6
68097 5
68102 6
68103 6
68104 6
68105 7
68107 7
68109 6
68120 6
68123 6
68124 5
68125 6
68127 7
68129 5
68130 5
68132 5
68134 5
68135 7
68137 6
68139 6
68140 5
68142 6
68143 5
68145 7
68147 6
68149 6
68150 5
68152 6
68153 7
68154 5
68157 6
68159 5
68170 6
68172 6
68173 6
68174 7
68175 5
68179 6
68190 6
68192 6
68193 7
68194 4
68195 7
68197 5
68201 5
68203 6
68204 5
68205 6
68207 5
68209 5
68210 5
68213 6
68214 5
68215 4
68217 6
68219 6
68230 5
68231 4
68234 5
68235 6
68237 5
68239 5
68240 7
68241 4
68243 6
68245 5
68247 4
68249 6
68250 6
68251 4
68253 6
68254 5
68257 6
68259 6
68270 6
68271 6
68273 6
68274 6
68275 6
68279 5
68290 5
68291 6
68293 6
68294 4
68295 6
68297 5
68301 5
68302 5
68304 5
68305 7
68307 6
68309 7
68310 6
68312 7
68314 5
68315 6
68317 5
68319 7
68320 5
68321 6
68324 6
68325 6
68327 7
68329 7
68340 5
68341 6
68342 6
68345 4
68347 6
68349 5
68350 6
68351 6
68352 6
68354 7
68357 6
68359 6
68370 5
68371 6
68372 6
68374 7
68375 6
68379 5
68390 7
68391 7
68392 7
68394 6
68395 6
68397 5
68401 6
68402 5
68403 7
68405 6
68407 4
68409 6
68410 6
68412 5
68413 7
68415 6
68417 4
68419 6
68420 6
68421 6
68423 7
68425 6
68427 5
68429 6
68430 5
68431 6
68432 6
68435 6
68437 5
68439 6
68450 7
68451 6
68452 7
68453 6
68457 6
68459 6
68470 6
68471 5
68472 6
68473 7
68475 5
68479 5
68490 6
68491 5
68492 7
68493 6
68495 6
68497 5
68501 6
68502 7
68503 6
68504 5
68507 5
68509 6
68510 7
68512 7
68513 6
68514 5
68517 5
68519 6
68520 5
68521 7
68523 6
68524 5
68527 6
68529 6
68530 5
68531 6
68532 6
68534 6
68537 5
68539 5
68540 7
68541 6
68542 5
68543 5
68547 5
68549 6
68570 6
68571 5
68572 6
68573 6
68574 5
68579 4
68590 5
68591 6
68592 6
68593 6
68594 5
68597 6
68701 7
68702 6
68703 6
68704 4
68705 6
68709 6
68710 6
68712 7
68713 6
68714 7
68715 5
68719 6
68720 7
68721 6
68723 6
68724 7
68725 5
68729 6
68730 5
68731 5
68732 7
68734 5
68735 5
68739 5
68740 6
68741 7
68742 7
68743 5
68745 6
68749 5
68750 5
68751 5
68752 6
68753 6
68754 5
68759 6
68790 5
68791 7
68792 6
68793 6
68794 5
68795 6
68901 7
68902 5
68903 6
68904 7
68905 7
68907 6
68910 6
68912 6
68913 7
68914 5
68915 7
68917 6
68920 7
68921 7
68923 7
68924 6
68925 7
68927 6
68930 6
68931 6
68932 5
68934 3
68935 5
68937 5
68940 6
68941 7
68942 7
68943 6
68945 7
68947 5
68950 6
68951 6
68952 6
68953 6
68954 6
68957 5
68970 6
68971 7
68972 6
68973 6
68974 6
68975 6
69012 6
69013 5
69014 5
69015 6
69017 6
69018 7
69021 6
69023 6
69024 6
69025 6
69027 6
69028 6
69031 5
69032 5
69034 5
69035 6
69037 6
69038 5
69041 6
69042 6
69043 5
69045 7
69047 7
69048 7
69051 6
69052 6
69053 7
69054 6
69057 6
69058 6
69071 7
69072 7
69073 6
69074 6
69075 7
69078 6
69081 6
69082 7
69083 7
69084 6
69085 7
69087 5
69102 6
69103 6
69104 5
69105 7
69107 6
69108 6
69120 6
69123 6
69124 6
69125 6
69127 7
69128 6
69130 6
69132 6
69134 5
69135 6
69137 6
69138 5
69140 5
69142 4
69143 5
69145 7
69147 7
69148 5
69150 5
69152 6
69153 6
69154 6
69157 5
69158 7
69170 6
69172 7
69173 7
69174 7
69175 5
69178 7
69180 4
69182 5
69183 7
69184 4
69185 7
69187 5
69201 6
69203 6
69204 5
69205 6
69207 5
69208 6
69210 6
69213 6
69214 5
69215 5
69217 6
69218 6
69230 5
69231 5
69234 4
69235 6
69237 4
69238 5
69240 6
69241 6
69243 7
69245 7
69247 5
69248 6
69250 5
69251 6
69253 7
69254 5
69257 5
69258 5
69270 6
69271 6
69273 6
69274 6
69275 5
69278 6
69280 6
69281 5
69283 6
69284 5
69285 6
69287 5
69301 6
69302 6
69304 5
69305 5
69307 7
69308 7
69310 6
69312 6
69314 6
69315 6
69317 6
69318 7
69320 6
69321 5
69324 6
69325 7
69327 7
69328 7
69340 5
69341 6
69342 6
69345 5
69347 6
69348 7
69350 6
69351 7
69352 6
69354 6
69357 6
69358 7
69370 6
69371 7
69372 6
69374 6
69375 6
69378 6
69380 7
69381 7
69382 7
69384 6
69385 7
69387 5
69401 6
69402 6
69403 7
69405 7
69407 5
69408 5
69410 6
69412 5
69413 5
69415 6
69417 5
69418 4
69420 6
69421 5
69423 7
69425 6
69427 6
69428 6
69430 6
69431 6
69432 6
69435 6
69437 5
69438 6
69450 6
69451 6
69452 6
69453 5
69457 6
69458 7
69470 7
69471 6
69472 6
69473 5
69475 6
69478 6
69480 5
69481 5
69482 6
69483 6
69485 6
69487 5
69501 6
69502 7
69503 6
69504 6
69507 6
69508 6
69510 7
69512 6
69513 6
69514 6
69517 5
69518 6
69520 6
69521 6
69523 6
69524 6
69527 5
69528 5
69530 6
69531 6
69532 6
69534 5
69537 5
69538 5
69540 7
69541 6
69542 6
69543 6
69547 5
69548 6
69570 6
69571 6
69572 4
69573 7
69574 4
69578 4
69580 5
69581 7
69582 6
69583 5
69584 5
69587 5
69701 7
69702 6
69703 6
69704 6
69705 6
69708 6
69710 6
69712 7
69713 7
69714 6
69715 4
69718 7
69720 6
69721 6
69723 7
69724 6
69725 6
69728 6
69730 6
69731 6
69732 6
69734 6
69735 6
69738 6
69740 7
69741 7
69742 6
69743 5
69745 6
69748 7
69750 6
69751 5
69752 5
69753 6
69754 6
69758 6
69780 6
69781 7
69782 5
69783 6
69784 5
69785 4
69801 6
69802 6
69803 7
69804 6
69805 6
69807 5
69810 7
69812 6
69813 7
69814 6
69815 7
69817 6
69820 7
69821 6
69823 7
69824 6
69825 6
69827 6
69830 6
69831 6
69832 5
69834 4
69835 5
69837 5
69840 6
69841 7
69842 7
69843 6
69845 4
69847 4
69850 6
69851 6
69852 6
69853 6
69854 5
69857 5
69870 6
69871 6
69872 7
69873 5
69874 5
69875 6
70123 5
70124 5
70125 6
70126 5
70128 6
70129 6
70132 5
70134 6
70135 6
70136 5
70138 6
70139 7
70142 6
70143 5
70145 6
70146 6
70148 6
70149 5
70152 6
70153 7
70154 6
70156 6
70158 6
70159 6
70162 7
70163 6
70164 6
70165 7
70168 7
70169 7
70182 6
70183 6
70184 5
70185 6
70186 6
70189 5
70192 6
70193 5
70194 6
70195 6
70196 6
70198 5
70213 6
70214 4
70215 6
70216 6
70218 6
70219 5
70231 5
70234 4
70235 5
70236 5
70238 6
70239 6
70241 5
70243 4
70245 6
70246 5
70248 5
70249 6
70251 7
70253 6
70254 5
70256 5
70258 6
70259 6
70261 6
70263 6
70264 4
70265 5
70268 6
70269 6
70281 6
70283 6
70284 5
70285 5
70286 5
70289 6
70291 6
70293 6
70294 5
70295 6
70296 6
70298 6
70312 5
70314 5
70315 7
70316 6
70318 6
70319 6
70321 6
70324 5
70325 7
70326 6
70328 6
70329 5
70341 6
70342 6
70345 5
70346 5
70348 6
70349 6
70351 7
70352 6
70354 5
70356 6
70358 6
70359 6
70361 6
70362 6
70364 5
70365 6
70368 6
70369 7
70381 6
70382 5
70384 6
70385 6
70386 5
70389 7
70391 6
70392 7
70394 6
70395 6
70396 6
70398 5
70412 6
70413 3
70415 6
70416 6
70418 6
70419 6
70421 6
70423 5
70425 6
70426 5
70428 7
70429 7
70431 5
70432 5
70435 6
70436 5
70438 5
70439 6
70451 6
70452 6
70453 7
70456 6
70458 6
70459 6
70461 7
70462 6
70463 7
70465 5
70468 5
70469 5
70481 6
70482 7
70483 6
70485 6
70486 6
70489 6
70491 6
70492 7
70493 6
70495 6
70496 6
70498 5
70512 6
70513 6
70514 6
70516 6
70518 7
70519 7
70521 6
70523 7
70524 6
70526 5
70528 6
70529 7
70531 6
70532 6
70534 5
70536 5
70538 6
70539 5
70541 5
70542 5
70543 6
70546 7
70548 7
70549 6
70561 7
70562 6
70563 5
70564 5
70568 5
70569 5
70581 6
70582 6
70583 6
70584 6
70586 6
70589 5
70591 6
70592 6
70593 6
70594 6
70596 6
70598 5
70612 6
70613 7
70614 6
70615 5
70618 7
70619 7
70621 5
70623 7
70624 6
70625 6
70628 7
70629 6
70631 5
70632 5
70634 5
70635 5
70638 5
70639 7
70641 5
70642 6
70643 6
70645 6
70648 6
70649 7
70651 7
70652 7
70653 6
70654 5
70658 6
70659 5
70681 6
70682 6
70683 6
70684 7
70685 6
70689 4
70691 6
70692 7
70693 7
70694 5
70695 5
70698 6
70812 6
70813 6
70814 6
70815 7
70816 7
70819 6
70821 6
70823 6
70824 6
70825 7
70826 7
70829 5
70831 6
70832 6
70834 5
70835 6
70836 6
70839 6
70841 5
70842 6
70843 6
70845 7
70846 5
70849 7
70851 6
70852 6
70853 6
70854 6
70856 6
70859 5
70861 6
70862 6
70863 7
70864 6
70865 5
70869 6
70891 7
70892 6
70893 6
70894 6
70895 6
70896 5
70912 6
70913 6
70914 6
70915 7
70916 6
70918 6
70921 6
70923 6
70924 6
70925 7
70926 7
70928 5
70931 6
70932 6
70934 5
70935 5
70936 6
70938 6
70941 5
70942 5
70943 6
70945 7
70946 7
70948 7
70951 7
70952 7
70953 6
70954 5
70956 5
70958 7
70961 6
70962 6
70963 7
70964 7
70965 5
70968 6
70981 7
70982 6
70983 6
70984 6
70985 6
70986 6
71023 4
71024 5
71025 6
71026 5
71028 6
71029 6
71032 6
71034 5
71035 5
71036 4
71038 5
71039 5
71042 4
71043 5
71045 6
71046 6
71048 7
71049 6
71052 6
71053 5
71054 5
71056 6
71058 6
71059 6
71062 6
71063 6
71064 5
71065 6
71068 6
71069 6
71082 7
71083 6
71084 5
71085 6
71086 7
71089 6
71092 6
71093 6
71094 5
71095 6
71096 6
71098 7
71203 5
71204 5
71205 6
71206 5
71208 6
71209 6
71230 4
71234 5
71235 4
71236 5
71238 4
71239 5
71240 5
71243 5
71245 6
71246 5
71248 5
71249 5
71250 5
71253 5
71254 5
71256 5
71258 5
71259 5
71260 5
71263 5
71264 5
71265 5
71268 5
71269 5
71280 5
71283 5
71284 5
71285 5
71286 6
71289 6
71290 5
71293 5
71294 4
71295 6
71296 5
71298 6
71302 4
71304 5
71305 5
71306 5
71308 5
71309 6
71320 4
71324 6
71325 5
71326 5
71328 5
71329 4
71340 5
71342 4
71345 4
71346 5
71348 5
71349 5
71350 5
71352 4
71354 4
71356 7
71358 6
71359 5
71360 6
71362 6
71364 5
71365 7
71368 6
71369 6
71380 5
71382 6
71384 4
71385 7
71386 5
71389 7
71390 5
71392 5
71394 5
71395 7
71396 7
71398 6
71402 5
71403 5
71405 6
71406 6
71408 6
71409 6
71420 3
71423 5
71425 6
71426 5
71428 5
71429 4
71430 5
71432 5
71435 6
71436 5
71438 5
71439 5
71450 5
71452 5
71453 5
71456 6
71458 6
71459 6
71460 6
71462 7
71463 5
71465 6
71468 6
71469 6
71480 5
71482 5
71483 6
71485 7
71486 6
71489 6
71490 6
71492 5
71493 6
71495 6
71496 6
71498 6
71502 6
71503 4
71504 6
71506 6
71508 6
71509 5
71520 7
71523 6
71524 6
71526 6
71528 6
71529 6
71530 4
71532 6
71534 5
71536 4
71538 5
71539 4
71540 6
71542 6
71543 6
71546 6
71548 6
71549 5
71560 5
71562 5
71563 6
71564 5
71568 5
71569 5
71580 6
71582 6
71583 6
71584 5
71586 5
71589 5
71590 6
71592 7
71593 6
71594 5
71596 5
71598 5
71602 6
71603 6
71604 6
71605 5
71608 6
71609 6
71620 5
71623 6
71624 6
71625 5
71628 5
71629 6
71630 4
71632 5
71634 5
71635 4
71638 4
71639 4
71640 6
71642 6
71643 5
71645 6
71648 6
71649 7
71650 5
71652 5
71653 6
71654 5
71658 4
71659 5
71680 6
71682 6
71683 7
71684 5
71685 5
71689 5
71690 6
71692 6
71693 6
71694 5
71695 6
71698 6
71802 7
71803 7
71804 6
71805 5
71806 6
71809 6
71820 6
71823 6
71824 5
71825 5
71826 5
71829 7
71830 5
71832 6
71834 5
71835 5
71836 5
71839 5
71840 7
71842 5
71843 6
71845 6
71846 6
71849 6
71850 6
71852 5
71853 5
71854 5
71856 5
71859 6
71860 6
71862 6
71863 5
71864 5
71865 5
71869 5
71890 6
71892 6
71893 7
71894 5
71895 5
71896 5
71902 6
71903 6
71904 6
71905 6
71906 6
71908 6
71920 5
71923 6
71924 5
71925 6
71926 6
71928 7
71930 5
71932 5
71934 5
71935 5
71936 5
71938 5
71940 6
71942 6
71943 6
71945 5
71946 6
71948 6
71950 6
71952 6
71953 6
71954 6
71956 6
71958 5
71960 6
71962 6
71963 6
71964 5
71965 6
71968 5
71980 6
71982 5
71983 6
71984 5
71985 4
71986 5
72013 5
72014 6
72015 7
72016 6
72018 5
72019 6
72031 6
72034 5
72035 6
72036 6
72038 5
72039 5
72041 5
72043 5
72045 5
72046 5
72048 6
72049 5
72051 7
72053 7
72054 6
72056 6
72058 6
72059 6
72061 6
72063 6
72064 6
72065 7
72068 6
72069 6
72081 6
72083 6
72084 5
72085 5
72086 4
72089 7
72091 6
72093 5
72094 6
72095 6
72096 6
72098 7
72103 3
72104 6
72105 6
72106 5
72108 6
72109 5
72130 5
72134 6
72135 5
72136 6
72138 6
72139 5
72140 4
72143 4
72145 6
72146 5
72148 5
72149 5
72150 6
72153 7
72154 6
72156 6
72158 6
72159 6
72160 6
72163 6
72164 6
72165 6
72168 6
72169 6
72180 5
72183 6
72184 6
72185 6
72186 7
72189 7
72190 6
72193 6
72194 5
72195 6
72196 7
72198 7
72301 5
72304 6
72305 6
72306 5
72308 6
72309 6
72310 5
72314 6
72315 6
72316 5
72318 6
72319 6
72340 5
72341 5
72345 3
72346 5
72348 6
72349 5
72350 5
72351 6
72354 6
72356 5
72358 7
72359 7
72360 5
72361 6
72364 5
72365 7
72368 6
72369 6
72380 6
72381 6
72384 5
72385 5
72386 6
72389 6
72390 5
72391 5
72394 5
72395 6
72396 7
72398 7
72401 5
72403 5
72405 6
72406 5
72408 6
72409 6
72410 6
72413 4
72415 6
72416 5
72418 7
72419 7
72430 5
72431 5
72435 5
72436 6
72438 5
72439 4
72450 6
72451 6
72453 7
72456 5
72458 6
72459 6
72460 5
72461 5
72463 6
72465 5
72468 5
72469 5
72480 6
72481 5
72483 6
72485 5
72486 6
72489 6
72490 6
72491 6
72493 6
72495 5
72496 5
72498 5
72501 5
72503 5
72504 6
72506 7
72508 7
72509 7
72510 6
72513 6
72514 6
72516 6
72518 6
72519 6
72530 5
72531 5
72534 6
72536 5
72538 5
72539 5
72540 4
72541 5
72543 5
72546 6
72548 7
72549 7
72560 7
72561 6
72563 6
72564 5
72568 4
72569 5
72580 6
72581 5
72583 6
72584 6
72586 5
72589 4
72590 6
72591 6
72593 7
72594 5
72596 5
72598 5
72601 6
72603 6
72604 6
72605 5
72608 7
72609 7
72610 6
72613 6
72614 6
72615 7
72618 7
72619 6
72630 7
72631 6
72634 5
72635 5
72638 7
72639 5
72640 6
72641 6
72643 5
72645 7
72648 6
72649 6
72650 7
72651 6
72653 5
72654 6
72658 6
72659 6
72680 7
72681 6
72683 6
72684 5
72685 6
72689 6
72690 6
72691 6
72693 6
72694 5
72695 7
72698 7
72801 6
72803 5
72804 5
72805 7
72806 5
72809 7
72810 6
72813 6
72814 6
72815 7
72816 6
72819 7
72830 6
72831 6
72834 6
72835 7
72836 6
72839 5
72840 6
72841 6
72843 6
72845 6
72846 7
72849 7
72850 6
72851 6
72853 7
72854 6
72856 6
72859 5
72860 7
72861 7
72863 7
72864 5
72865 5
72869 5
72890 6
72891 7
72893 6
72894 6
72895 5
72896 6
72901 6
72903 6
72904 7
72905 7
72906 6
72908 7
72910 6
72913 7
72914 6
72915 5
72916 7
72918 7
72930 6
72931 6
72934 5
72935 6
72936 6
72938 6
72940 6
72941 5
72943 6
72945 6
72946 7
72948 6
72950 6
72951 7
72953 6
72954 6
72956 6
72958 6
72960 6
72961 6
72963 6
72964 5
72965 5
72968 5
72980 6
72981 6
72983 7
72984 5
72985 5
72986 5
73012 6
73014 6
73015 7
73016 6
73018 6
73019 6
73021 6
73024 6
73025 6
73026 6
73028 7
73029 6
73041 6
73042 6
73045 6
73046 5
73048 6
73049 6
73051 7
73052 6
73054 6
73056 4
73058 5
73059 5
73061 6
73062 6
73064 6
73065 6
73068 6
73069 6
73081 5
73082 6
73084 6
73085 5
73086 5
73089 6
73091 6
73092 7
73094 6
73095 6
73096 5
73098 5
73102 5
73104 5
73105 6
73106 5
73108 6
73109 6
73120 6
73124 6
73125 6
73126 7
73128 5
73129 7
73140 5
73142 4
73145 6
73146 6
73148 5
73149 6
73150 7
73152 6
73154 6
73156 5
73158 7
73159 6
73160 7
73162 7
73164 6
73165 6
73168 5
73169 6
73180 5
73182 6
73184 7
73185 6
73186 5
73189 6
73190 5
73192 6
73194 6
73195 6
73196 4
73198 6
73201 5
73204 4
73205 6
73206 6
73208 6
73209 5
73210 6
73214 4
73215 6
73216 6
73218 6
73219 5
73240 5
73241 5
73245 6
73246 6
73248 6
73249 6
73250 7
73251 7
73254 5
73256 5
73258 6
73259 5
73260 6
73261 6
73264 4
73265 4
73268 5
73269 5
73280 6
73281 6
73284 4
73285 6
73286 6
73289 6
73290 6
73291 7
73294 5
73295 6
73296 6
73298 6
73401 6
73402 6
73405 6
73406 6
73408 6
73409 6
73410 6
73412 5
73415 6
73416 7
73418 5
73419 6
73420 6
73421 5
73425 6
73426 6
73428 7
73429 6
73450 5
73451 6
73452 6
73456 5
73458 6
73459 5
73460 6
73461 7
73462 7
73465 5
73468 5
73469 5
73480 5
73481 6
73482 6
73485 5
73486 5
73489 5
73490 6
73491 6
73492 6
73495 6
73496 6
73498 5
73501 7
73502 7
73504 6
73506 6
73508 6
73509 6
73510 6
73512 7
73514 6
73516 6
73518 6
73519 6
73520 6
73521 6
73524 6
73526 6
73528 6
73529 6
73540 5
73541 6
73542 5
73546 5
73548 6
73549 6
73560 6
73561 6
73562 6
73564 5
73568 6
73569 5
73580 6
73581 7
73582 6
73584 6
73586 7
73589 5
73590 6
73591 6
73592 6
73594 6
73596 6
73598 5
73601 6
73602 6
73604 6
73605 6
73608 7
73609 6
73610 5
73612 6
73614 6
73615 6
73618 6
73619 6
73620 6
73621 7
73624 6
73625 6
73628 6
73629 6
73640 6
73641 6
73642 5
73645 6
73648 6
73649 5
73650 5
73651 6
73652 6
73654 5
73658 6
73659 5
73680 6
73681 6
73682 7
73684 7
73685 6
73689 7
73690 6
73691 6
73692 6
73694 6
73695 6
73698 6
73801 6
73802 6
73804 6
73805 6
73806 6
73809 6
73810 6
73812 6
73814 6
73815 5
73816 5
73819 6
73820 6
73821 6
73824 6
73825 5
73826 6
73829 6
73840 5
73841 5
73842 5
73845 5
73846 6
73849 6
73850 5
73851 7
73852 4
73854 6
73856 6
73859 6
73860 6
73861 6
73862 6
73864 7
73865 4
73869 6
73890 6
73891 6
73892 6
73894 4
73895 7
73896 7
73901 6
73902 6
73904 6
73905 5
73906 5
73908 5
73910 7
73912 5
73914 7
73915 6
73916 5
73918 6
73920 7
73921 7
73924 6
73925 5
73926 6
73928 6
73940 4
73941 6
73942 6
73945 6
73946 6
73948 7
73950 6
73951 6
73952 7
73954 6
73956 5
73958 6
73960 6
73961 6
73962 6
73964 6
73965 6
73968 5
73980 5
73981 6
73982 5
73984 6
73985 7
73986 5
74012 5
74013 5
74015 6
74016 4
74018 6
74019 6
74021 6
74023 6
74025 6
74026 6
74028 6
74029 7
74031 6
74032 4
74035 6
74036 4
74038 6
74039 5
74051 6
74052 6
74053 6
74056 6
74058 7
74059 6
74061 6
74062 6
74063 7
74065 6
74068 7
74069 6
74081 7
74082 6
74083 6
74085 6
74086 6
74089 7
74091 6
74092 6
74093 6
74095 7
74096 7
74098 7
74102 6
74103 6
74105 6
74106 6
74108 6
74109 6
74120 6
74123 6
74125 6
74126 6
74128 6
74129 6
74130 5
74132 5
74135 7
74136 6
74138 6
74139 5
74150 5
74152 5
74153 7
74156 6
74158 7
74159 6
74160 7
74162 6
74163 7
74165 7
74168 6
74169 6
74180 6
74182 6
74183 6
74185 7
74186 7
74189 6
74190 6
74192 6
74193 6
74195 6
74196 7
74198 6
74201 5
74203 4
74205 6
74206 6
74208 4
74209 6
74210 6
74213 5
74215 6
74216 6
74218 5
74219 6
74230 5
74231 6
74235 5
74236 6
74238 5
74239 5
74250 6
74251 6
74253 6
74256 5
74258 7
74259 6
74260 5
74261 6
74263 6
74265 5
74268 6
74269 6
74280 5
74281 6
74283 6
74285 6
74286 6
74289 6
74290 5
74291 6
74293 6
74295 6
74296 6
74298 5
74301 6
74302 6
74305 6
74306 5
74308 6
74309 6
74310 6
74312 6
74315 6
74316 7
74318 7
74319 6
74320 6
74321 6
74325 6
74326 6
74328 7
74329 7
74350 6
74351 6
74352 5
74356 5
74358 6
74359 6
74360 7
74361 7
74362 7
74365 5
74368 6
74369 5
74380 6
74381 6
74382 7
74385 5
74386 6
74389 6
74390 6
74391 7
74392 7
74395 6
74396 5
74398 6
74501 6
74502 6
74503 6
74506 6
74508 6
74509 6
74510 7
74512 5
74513 7
74516 7
74518 5
74519 7
74520 6
74521 6
74523 7
74526 6
74528 6
74529 6
74530 6
74531 6
74532 5
74536 6
74538 5
74539 5
74560 7
74561 7
74562 6
74563 6
74568 5
74569 5
74580 7
74581 6
74582 6
74583 6
74586 6
74589 6
74590 7
74591 7
74592 7
74593 6
74596 6
74598 6
74601 7
74602 6
74603 6
74605 6
74608 6
74609 6
74610 6
74612 5
74613 7
74615 5
74618 6
74619 6
74620 6
74621 6
74623 6
74625 6
74628 7
74629 6
74630 6
74631 6
74632 5
74635 6
74638 7
74639 6
74650 4
74651 5
74652 6
74653 6
74658 5
74659 5
74680 7
74681 7
74682 7
74683 6
74685 5
74689 6
74690 6
74691 6
74692 7
74693 6
74695 5
74698 6
74801 5
74802 7
74803 5
74805 7
74806 6
74809 7
74810 7
74812 6
74813 6
74815 7
74816 7
74819 7
74820 6
74821 6
74823 7
74825 7
74826 7
74829 7
74830 6
74831 6
74832 6
74835 6
74836 6
74839 6
74850 7
74851 6
74852 6
74853 6
74856 6
74859 6
74860 6
74861 6
74862 7
74863 6
74865 6
74869 6
74890 6
74891 7
74892 7
74893 6
74895 7
74896 6
74901 6
74902 6
74903 5
74905 6
74906 7
74908 7
74910 7
74912 6
74913 7
74915 6
74916 7
74918 7
74920 6
74921 6
74923 7
74925 6
74926 7
74928 7
74930 6
74931 6
74932 6
74935 5
74936 6
74938 6
74950 6
74951 6
74952 7
74953 6
74956 5
74958 6
74960 7
74961 7
74962 6
74963 5
74965 6
74968 6
74980 7
74981 7
74982 7
74983 6
74985 7
74986 6
75012 6
75013 6
75014 6
75016 6
75018 6
75019 6
75021 6
75023 6
75024 5
75026 6
75028 6
75029 7
75031 5
75032 6
75034 6
75036 6
75038 6
75039 5
75041 6
75042 5
75043 6
75046 6
75048 7
75049 6
75061 6
75062 7
75063 5
75064 5
75068 6
75069 5
75081 6
75082 6
75083 6
75084 6
75086 6
75089 6
75091 6
75092 6
75093 7
75094 5
75096 6
75098 6
75102 5
75103 6
75104 6
75106 7
75108 7
75109 7
75120 6
75123 7
75124 5
75126 7
75128 6
75129 7
75130 6
75132 5
75134 6
75136 6
75138 6
75139 6
75140 6
75142 5
75143 7
75146 6
75148 7
75149 7
75160 7
75162 7
75163 6
75164 6
75168 6
75169 6
75180 6
75182 7
75183 7
75184 6
75186 6
75189 7
75190 6
75192 7
75193 7
75194 5
75196 6
75198 6
75201 6
75203 6
75204 5
75206 5
75208 6
75209 6
75210 6
75213 5
75214 5
75216 6
75218 6
75219 7
75230 5
75231 5
75234 5
75236 5
75238 4
75239 5
75240 6
75241 5
75243 6
75246 5
75248 6
75249 7
75260 5
75261 6
75263 6
75264 5
75268 5
75269 5
75280 6
75281 5
75283 6
75284 5
75286 5
75289 6
75290 6
75291 6
75293 6
75294 5
75296 5
75298 6
75301 6
75302 6
75304 6
75306 6
75308 6
75309 6
75310 6
75312 6
75314 7
75316 6
75318 7
75319 6
75320 6
75321 6
75324 6
75326 6
75328 7
75329 7
75340 5
75341 7
75342 7
75346 5
75348 5
75349 6
75360 6
75361 6
75362 6
75364 6
75368 7
75369 6
75380 6
75381 6
75382 6
75384 7
75386 7
75389 5
75390 7
75391 7
75392 7
75394 6
75396 7
75398 7
75401 6
75402 5
75403 6
75406 6
75408 6
75409 6
75410 6
75412 5
75413 7
75416 6
75418 6
75419 6
75420 5
75421 5
75423 7
75426 6
75428 6
75429 6
75430 6
75431 6
75432 5
75436 6
75438 6
75439 6
75460 5
75461 5
75462 5
75463 5
75468 6
75469 6
75480 7
75481 6
75482 6
75483 6
75486 6
75489 4
75490 6
75491 6
75492 7
75493 6
75496 6
75498 7
75601 6
75602 6
75603 6
75604 5
75608 6
75609 6
75610 7
75612 7
75613 6
75614 7
75618 5
75619 6
75620 6
75621 7
75623 6
75624 5
75628 6
75629 6
75630 6
75631 6
75632 5
75634 4
75638 4
75639 6
75640 6
75641 6
75642 6
75643 6
75648 7
75649 6
75680 6
75681 6
75682 6
75683 5
75684 5
75689 6
75690 6
75691 6
75692 6
75693 6
75694 6
75698 5
75801 6
75802 7
75803 6
75804 5
75806 7
75809 6
75810 6
75812 6
75813 7
75814 6
75816 6
75819 6
75820 5
75821 6
75823 7
75824 6
75826 6
75829 5
75830 6
75831 6
75832 6
75834 5
75836 5
75839 5
75840 7
75841 7
75842 7
75843 6
75846 6
75849 6
75860 5
75861 6
75862 6
75863 5
75864 6
75869 4
75890 7
75891 7
75892 6
75893 6
75894 5
75896 6
75901 5
75902 6
75903 6
75904 6
75906 6
75908 7
75910 6
75912 6
75913 6
75914 6
75916 6
75918 6
75920 7
75921 6
75923 7
75924 6
75926 6
75928 6
75930 6
75931 5
75932 6
75934 5
75936 6
75938 5
75940 6
75941 7
75942 7
75943 6
75946 6
75948 6
75960 6
75961 5
75962 6
75963 6
75964 6
75968 5
75980 5
75981 6
75982 6
75983 7
75984 6
75986 6
76012 7
76013 7
76014 6
76015 6
76018 5
76019 5
76021 7
76023 6
76024 6
76025 7
76028 6
76029 6
76031 6
76032 6
76034 5
76035 6
76038 6
76039 6
76041 6
76042 6
76043 5
76045 6
76048 6
76049 6
76051 7
76052 6
76053 6
76054 6
76058 6
76059 6
76081 7
76082 7
76083 6
76084 6
76085 7
76089 6
76091 7
76092 6
76093 6
76094 5
76095 7
76098 6
76102 6
76103 6
76104 7
76105 6
76108 6
76109 6
76120 6
76123 7
76124 5
76125 7
76128 6
76129 6
76130 6
76132 6
76134 6
76135 6
76138 6
76139 6
76140 6
76142 5
76143 6
76145 6
76148 7
76149 6
76150 7
76152 7
76153 6
76154 6
76158 5
76159 6
76180 5
76182 6
76183 6
76184 5
76185 6
76189 6
76190 6
76192 7
76193 5
76194 6
76195 5
76198 6
76201 6
76203 7
76204 4
76205 6
76208 6
76209 6
76210 6
76213 6
76214 5
76215 5
76218 6
76219 6
76230 5
76231 5
76234 5
76235 5
76238 4
76239 5
76240 6
76241 6
76243 7
76245 5
76248 6
76249 6
76250 5
76251 6
76253 5
76254 5
76258 6
76259 5
76280 6
76281 5
76283 5
76284 5
76285 5
76289 5
76290 5
76291 5
76293 5
76294 5
76295 5
76298 6
76301 5
76302 5
76304 5
76305 7
76308 5
76309 6
76310 6
76312 6
76314 6
76315 6
76318 6
76319 6
76320 6
76321 7
76324 6
76325 7
76328 7
76329 6
76340 3
76341 6
76342 5
76345 5
76348 6
76349 5
76350 6
76351 6
76352 6
76354 6
76358 5
76359 6
76380 6
76381 6
76382 5
76384 7
76385 5
76389 7
76390 5
76391 6
76392 6
76394 6
76395 6
76398 6
76401 7
76402 6
76403 6
76405 6
76408 6
76409 6
76410 6
76412 5
76413 6
76415 6
76418 6
76419 6
76420 6
76421 6
76423 6
76425 6
76428 6
76429 6
76430 6
76431 6
76432 6
76435 6
76438 5
76439 6
76450 6
76451 6
76452 6
76453 6
76458 6
76459 6
76480 6
76481 6
76482 6
76483 6
76485 7
76489 7
76490 6
76491 7
76492 6
76493 6
76495 7
76498 6
76501 7
76502 7
76503 7
76504 6
76508 6
76509 6
76510 7
76512 7
76513 7
76514 6
76518 5
76519 5
76520 7
76521 7
76523 6
76524 6
76528 5
76529 5
76530 5
76531 5
76532 6
76534 5
76538 5
76539 6
76540 6
76541 6
76542 7
76543 6
76548 7
76549 6
76580 7
76581 6
76582 6
76583 6
76584 6
76589 6
76590 6
76591 6
76592 5
76593 6
76594 5
76598 5
76801 7
76802 6
76803 6
76804 6
76805 7
76809 6
76810 6
76812 6
76813 6
76814 6
76815 6
76819 6
76820 6
76821 6
76823 6
76824 6
76825 5
76829 6
76830 6
76831 6
76832 6
76834 4
76835 5
76839 6
76840 6
76841 7
76842 7
76843 6
76845 7
76849 6
76850 6
76851 6
76852 6
76853 6
76854 6
76859 6
76890 7
76891 7
76892 6
76893 7
76894 5
76895 7
76901 7
76902 6
76903 6
76904 5
76905 6
76908 6
76910 6
76912 6
76913 6
76914 6
76915 5
76918 6
76920 6
76921 7
76923 6
76924 6
76925 6
76928 4
76930 5
76931 5
76932 6
76934 5
76935 5
76938 6
76940 6
76941 7
76942 7
76943 5
76945 7
76948 6
76950 6
76951 5
76952 6
76953 5
76954 6
76958 6
76980 6
76981 6
76982 6
76983 6
76984 5
76985 5
78012 6
78013 6
78014 5
78015 7
78016 6
78019 7
78021 6
78023 5
78024 6
78025 7
78026 6
78029 6
78031 6
78032 5
78034 6
78035 6
78036 6
78039 6
78041 5
78042 6
78043 5
78045 6
78046 6
78049 6
78051 7
78052 7
78053 5
78054 6
78056 5
78059 5
78061 6
78062 5
78063 7
78064 6
78065 5
78069 6
78091 6
78092 6
78093 7
78094 6
78095 6
78096 6
78102 6
78103 6
78104 5
78105 6
78106 6
78109 6
78120 6
78123 7
78124 6
78125 6
78126 7
78129 6
78130 7
78132 5
78134 6
78135 6
78136 6
78139 6
78140 5
78142 6
78143 6
78145 6
78146 6
78149 6
78150 5
78152 6
78153 6
78154 4
78156 6
78159 6
78160 6
78162 6
78163 6
78164 5
78165 6
78169 5
78190 6
78192 7
78193 6
78194 5
78195 6
78196 7
78201 6
78203 6
78204 5
78205 6
78206 5
78209 6
78210 6
78213 6
78214 5
78215 5
78216 5
78219 6
78230 4
78231 5
78234 5
78235 5
78236 4
78239 5
78240 5
78241 5
78243 6
78245 6
78246 6
78249 7
78250 6
78251 5
78253 6
78254 6
78256 5
78259 5
78260 5
78261 5
78263 5
78264 5
78265 4
78269 5
78290 6
78291 7
78293 7
78294 5
78295 6
78296 5
78301 6
78302 7
78304 5
78305 7
78306 5
78309 6
78310 6
78312 6
78314 5
78315 6
78316 6
78319 6
78320 7
78321 7
78324 6
78325 6
78326 6
78329 6
78340 5
78341 5
78342 5
78345 5
78346 6
78349 4
78350 6
78351 6
78352 7
78354 7
78356 5
78359 6
78360 6
78361 6
78362 6
78364 5
78365 5
78369 6
78390 6
78391 7
78392 7
78394 6
78395 6
78396 6
78401 6
78402 6
78403 4
78405 7
78406 6
78409 6
78410 7
78412 6
78413 6
78415 6
78416 5
78419 6
78420 6
78421 6
78423 7
78425 6
78426 6
78429 6
78430 5
78431 5
78432 5
78435 6
78436 6
78439 6
78450 7
78451 7
78452 6
78453 5
78456 5
78459 6
78460 5
78461 5
78462 6
78463 4
78465 6
78469 6
78490 6
78491 6
78492 7
78493 7
78495 7
78496 6
78501 7
78502 6
78503 5
78504 6
78506 6
78509 6
78510 7
78512 7
78513 7
78514 5
78516 6
78519 5
78520 6
78521 7
78523 6
78524 6
78526 5
78529 5
78530 6
78531 6
78532 6
78534 6
78536 6
78539 5
78540 6
78541 6
78542 6
78543 4
78546 6
78549 6
78560 6
78561 5
78562 5
78563 6
78564 5
78569 5
78590 5
78591 7
78592 6
78593 5
78594 4
78596 6
78601 5
78602 6
78603 6
78604 6
78605 5
78609 7
78610 7
78612 6
78613 6
78614 6
78615 6
78619 6
78620 6
78621 6
78623 6
78624 6
78625 6
78629 7
78630 6
78631 7
78632 7
78634 5
78635 6
78639 5
78640 7
78641 7
78642 6
78643 5
78645 6
78649 7
78650 4
78651 4
78652 6
78653 5
78654 5
78659 5
78690 6
78691 6
78692 7
78693 6
78694 6
78695 6
78901 6
78902 6
78903 6
78904 7
78905 6
78906 5
78910 7
78912 7
78913 7
78914 6
78915 5
78916 6
78920 6
78921 6
78923 7
78924 6
78925 5
78926 5
78930 6
78931 6
78932 5
78934 5
78935 5
78936 6
78940 7
78941 7
78942 7
78943 6
78945 7
78946 6
78950 6
78951 6
78952 6
78953 7
78954 5
78956 4
78960 6
78961 5
78962 6
78963 7
78964 5
78965 6
79012 5
79013 6
79014 5
79015 6
79016 6
79018 6
79021 5
79023 6
79024 5
79025 7
79026 6
79028 6
79031 6
79032 5
79034 6
79035 5
79036 4
79038 7
79041 4
79042 6
79043 5
79045 7
79046 7
79048 6
79051 7
79052 7
79053 7
79054 5
79056 6
79058 7
79061 6
79062 6
79063 6
79064 6
79065 6
79068 6
79081 7
79082 6
79083 7
79084 6
79085 6
79086 6
79102 5
79103 5
79104 6
79105 6
79106 7
79108 5
79120 6
79123 6
79124 4
79125 7
79126 7
79128 6
79130 6
79132 6
79134 5
79135 6
79136 6
79138 6
79140 5
79142 6
79143 6
79145 7
79146 7
79148 5
79150 5
79152 7
79153 7
79154 5
79156 6
79158 7
79160 6
79162 6
79163 7
79164 6
79165 6
79168 4
79180 6
79182 7
79183 6
79184 5
79185 7
79186 6
79201 6
79203 6
79204 5
79205 6
79206 6
79208 5
79210 7
79213 6
79214 5
79215 7
79216 7
79218 6
79230 5
79231 5
79234 5
79235 5
79236 5
79238 6
79240 5
79241 5
79243 6
79245 6
79246 6
79248 6
79250 6
79251 6
79253 6
79254 6
79256 6
79258 5
79260 5
79261 6
79263 6
79264 5
79265 5
79268 5
79280 5
79281 7
79283 6
79284 5
79285 6
79286 6
79301 6
79302 6
79304 6
79305 5
79306 6
79308 6
79310 7
79312 6
79314 6
79315 6
79316 7
79318 6
79320 7
79321 7
79324 5
79325 7
79326 7
79328 6
79340 5
79341 6
79342 5
79345 6
79346 6
79348 7
79350 7
79351 7
79352 7
79354 7
79356 6
79358 6
79360 7
79361 6
79362 7
79364 6
79365 6
79368 5
79380 6
79381 6
79382 5
79384 6
79385 6
79386 7
79401 6
79402 6
79403 5
79405 5
79406 6
79408 5
79410 6
79412 6
79413 5
79415 6
79416 5
79418 6
79420 7
79421 6
79423 7
79425 6
79426 6
79428 6
79430 6
79431 5
79432 5
79435 5
79436 6
79438 5
79450 6
79451 6
79452 6
79453 6
79456 6
79458 5
79460 5
79461 5
79462 4
79463 5
79465 6
79468 6
79480 6
79481 5
79482 6
79483 7
79485 6
79486 7
79501 6
79502 7
79503 6
79504 6
79506 6
79508 6
79510 7
79512 7
79513 7
79514 5
79516 6
79518 5
79520 7
79521 6
79523 6
79524 6
79526 6
79528 5
79530 6
79531 5
79532 6
79534 5
79536 5
79538 5
79540 7
79541 7
79542 6
79543 6
79546 7
79548 6
79560 5
79561 5
79562 4
79563 5
79564 4
79568 5
79580 6
79581 4
79582 5
79583 5
79584 5
79586 6
79601 5
79602 7
79603 6
79604 6
79605 6
79608 5
79610 7
79612 6
79613 6
79614 7
79615 6
79618 6
79620 7
79621 6
79623 7
79624 6
79625 6
79628 6
79630 5
79631 6
79632 6
79634 5
79635 5
79638 6
79640 7
79641 5
79642 6
79643 6
79645 6
79648 7
79650 6
79651 6
79652 6
79653 6
79654 5
79658 6
79680 7
79681 7
79682 7
79683 7
79684 5
79685 6
79801 7
79802 6
79803 6
79804 7
79805 6
79806 6
79810 7
79812 6
79813 7
79814 6
79815 6
79816 6
79820 6
79821 6
79823 6
79824 6
79825 6
79826 6
79830 7
79831 6
79832 5
79834 5
79835 5
79836 5
79840 6
79841 6
79842 6
79843 5
79845 7
79846 7
79850 5
79851 6
79852 7
79853 7
79854 6
79856 6
79860 6
79861 6
79862 6
79863 6
79864 5
79865 6
80123 6
80124 5
80125 7
80126 6
80127 5
80129 6
80132 5
80134 4
80135 6
80136 5
80137 7
80139 6
80142 6
80143 5
80145 6
80146 5
80147 6
80149 6
80152 6
80153 7
80154 6
80156 6
80157 5
80159 5
80162 6
80163 6
80164 6
80165 5
80167 5
80169 6
80172 6
80173 5
80174 6
80175 5
80176 5
80179 5
80192 6
80193 5
80194 6
80195 5
80196 6
80197 5
80213 5
80214 4
80215 6
80216 6
80217 6
80219 6
80231 4
80234 5
80235 5
80236 5
80237 6
80239 6
80241 5
80243 5
80245 6
80246 6
80247 6
80249 6
80251 6
80253 6
80254 6
80256 6
80257 6
80259 5
80261 6
80263 6
80264 5
80265 5
80267 4
80269 6
80271 6
80273 6
80274 5
80275 6
80276 5
80279 6
80291 6
80293 6
80294 5
80295 5
80296 4
80297 6
80312 5
80314 5
80315 6
80316 7
80317 7
80319 6
80321 6
80324 5
80325 6
80326 6
80327 7
80329 6
80341 6
80342 6
80345 6
80346 5
80347 6
80349 6
80351 7
80352 6
80354 6
80356 6
80357 6
80359 6
80361 6
80362 6
80364 6
80365 6
80367 6
80369 6
80371 6
80372 6
80374 6
80375 6
80376 5
80379 7
80391 6
80392 6
80394 6
80395 7
80396 7
80397 6
80412 5
80413 4
80415 7
80416 6
80417 7
80419 6
80421 5
80423 5
80425 6
80426 6
80427 7
80429 7
80431 6
80432 5
80435 6
80436 6
80437 6
80439 5
80451 6
80452 6
80453 7
80456 6
80457 6
80459 7
80461 7
80462 7
80463 7
80465 5
80467 5
80469 5
80471 7
80472 7
80473 5
80475 6
80476 5
80479 6
80491 7
80492 6
80493 6
80495 6
80496 6
80497 5
80512 7
80513 6
80514 6
80516 7
80517 5
80519 4
80521 6
80523 7
80524 7
80526 6
80527 4
80529 4
80531 6
80532 5
80534 5
80536 6
80537 5
80539 6
80541 6
80542 6
80543 5
80546 6
80547 6
80549 7
80561 5
80562 5
80563 7
80564 5
80567 4
80569 5
80571 6
80572 6
80573 7
80574 6
80576 7
80579 6
80591 6
80592 6
80593 7
80594 6
80596 5
80597 5
80612 5
80613 5
80614 6
80615 6
80617 5
80619 5
80621 7
80623 7
80624 6
80625 6
80627 6
80629 3
80631 6
80632 6
80634 5
80635 5
80637 6
80639 6
80641 6
80642 6
80643 4
80645 7
80647 6
80649 7
80651 6
80652 5
80653 6
80654 6
80657 6
80659 6
80671 7
80672 7
80673 6
80674 5
80675 6
80679 6
80691 5
80692 5
80693 6
80694 6
80695 7
80697 5
80712 7
80713 6
80714 6
80715 6
80716 7
80719 5
80721 5
80723 7
80724 6
80725 7
80726 7
80729 5
80731 6
80732 5
80734 6
80735 7
80736 7
80739 6
80741 6
80742 6
80743 6
80745 7
80746 6
80749 7
80751 7
80752 6
80753 6
80754 6
80756 6
80759 7
80761 6
80762 6
80763 6
80764 6
80765 6
80769 5
80791 5
80792 6
80793 7
80794 6
80795 7
80796 7
80912 6
80913 6
80914 6
80915 7
80916 6
80917 6
80921 6
80923 6
80924 6
80925 5
80926 6
80927 5
80931 7
80932 6
80934 5
80935 5
80936 5
80937 5
80941 6
80942 6
80943 6
80945 7
80946 7
80947 4
80951 6
80952 6
80953 5
80954 5
80956 5
80957 6
80961 6
80962 5
80963 6
80964 5
80965 6
80967 5
80971 6
80972 6
80973 6
80974 6
80975 6
80976 6
81023 5
81024 5
81025 4
81026 5
81027 6
81029 6
81032 5
81034 4
81035 5
81036 5
81037 4
81039 7
81042 4
81043 5
81045 5
81046 5
81047 6
81049 5
81052 4
81053 4
81054 5
81056 6
81057 6
81059 6
81062 5
81063 5
81064 6
81065 6
81067 5
81069 5
81072 6
81073 7
81074 5
81075 5
81076 6
81079 6
81092 6
81093 6
81094 6
81095 6
81096 6
81097 6
81203 5
81204 5
81205 6
81206 5
81207 5
81209 6
81230 4
81234 3
81235 4
81236 5
81237 5
81239 5
81240 6
81243 5
81245 6
81246 5
81247 3
81249 5
81250 5
81253 4
81254 4
81256 5
81257 5
81259 5
81260 4
81263 6
81264 4
81265 5
81267 5
81269 6
81270 6
81273 6
81274 4
81275 6
81276 5
81279 6
81290 6
81293 6
81294 4
81295 5
81296 5
81297 5
81302 4
81304 5
81305 6
81306 4
81307 5
81309 5
81320 4
81324 5
81325 5
81326 5
81327 5
81329 5
81340 5
81342 5
81345 5
81346 5
81347 5
81349 5
81350 4
81352 4
81354 4
81356 6
81357 6
81359 5
81360 5
81362 5
81364 4
81365 6
81367 5
81369 4
81370 5
81372 6
81374 5
81375 6
81376 6
81379 6
81390 6
81392 5
81394 5
81395 5
81396 5
81397 4
81402 5
81403 5
81405 6
81406 6
81407 6
81409 6
81420 4
81423 4
81425 6
81426 5
81427 5
81429 5
81430 5
81432 5
81435 5
81436 5
81437 4
81439 5
81450 6
81452 5
81453 5
81456 6
81457 6
81459 6
81460 6
81462 6
81463 5
81465 6
81467 5
81469 5
81470 6
81472 5
81473 6
81475 5
81476 6
81479 6
81490 6
81492 4
81493 6
81495 5
81496 5
81497 4
81502 7
81503 5
81504 5
81506 5
81507 5
81509 5
81520 6
81523 5
81524 6
81526 6
81527 6
81529 5
81530 5
81532 6
81534 5
81536 5
81537 5
81539 5
81540 6
81542 6
81543 6
81546 6
81547 5
81549 5
81560 5
81562 5
81563 5
81564 5
81567 4
81569 4
81570 6
81572 5
81573 6
81574 5
81576 5
81579 5
81590 5
81592 6
81593 4
81594 4
81596 4
81597 4
81602 6
81603 6
81604 5
81605 6
81607 6
81609 6
81620 6
81623 7
81624 6
81625 6
81627 6
81629 6
81630 5
81632 6
81634 5
81635 5
81637 4
81639 6
81640 7
81642 6
81643 6
81645 7
81647 6
81649 5
81650 6
81652 6
81653 6
81654 5
81657 6
81659 4
81670 6
81672 6
81673 7
81674 5
81675 4
81679 6
81690 7
81692 6
81693 6
81694 5
81695 6
81697 5
81702 5
81703 6
81704 6
81705 6
81706 6
81709 5
81720 6
81723 5
81724 4
81725 6
81726 6
81729 7
81730 5
81732 5
81734 5
81735 5
81736 5
81739 5
81740 6
81742 5
81743 6
81745 5
81746 6
81749 6
81750 6
81752 5
81753 6
81754 4
81756 5
81759 5
81760 6
81762 6
81763 6
81764 5
81765 5
81769 5
81790 6
81792 6
81793 5
81794 5
81795 4
81796 5
81902 6
81903 6
81904 5
81905 6
81906 6
81907 6
81920 4
81923 6
81924 5
81925 5
81926 6
81927 5
81930 5
81932 6
81934 4
81935 5
81936 6
81937 5
81940 6
81942 5
81943 6
81945 6
81946 6
81947 5
81950 6
81952 5
81953 6
81954 5
81956 6
81957 6
81960 5
81962 6
81963 5
81964 5
81965 5
81967 4
81970 6
81972 5
81973 6
81974 5
81975 6
81976 6
82013 5
82014 6
82015 6
82016 5
82017 6
82019 6
82031 6
82034 6
82035 7
82036 7
82037 6
82039 6
82041 6
82043 5
82045 5
82046 5
82047 5
82049 5
82051 6
82053 7
82054 6
82056 6
82057 5
82059 5
82061 6
82063 5
82064 7
82065 4
82067 5
82069 6
82071 6
82073 4
82074 5
82075 6
82076 7
82079 6
82091 6
82093 6
82094 5
82095 6
82096 6
82097 5
82103 4
82104 6
82105 6
82106 6
82107 5
82109 6
82130 5
82134 5
82135 6
82136 6
82137 6
82139 6
82140 5
82143 5
82145 6
82146 5
82147 6
82149 6
82150 6
82153 6
82154 5
82156 6
82157 5
82159 5
82160 5
82163 7
82164 6
82165 5
82167 6
82169 6
82170 6
82173 5
82174 6
82175 7
82176 7
82179 6
82190 5
82193 6
82194 6
82195 6
82196 7
82197 5
82301 5
82304 4
82305 6
82306 6
82307 6
82309 6
82310 4
82314 6
82315 7
82316 5
82317 6
82319 5
82340 5
82341 5
82345 4
82346 5
82347 6
82349 6
82350 5
82351 6
82354 6
82356 6
82357 6
82359 5
82360 6
82361 5
82364 4
82365 6
82367 6
82369 6
82370 6
82371 6
82374 6
82375 6
82376 7
82379 5
82390 6
82391 4
82394 6
82395 7
82396 6
82397 6
82401 5
82403 5
82405 7
82406 6
82407 7
82409 6
82410 5
82413 5
82415 6
82416 5
82417 5
82419 6
82430 4
82431 6
82435 6
82436 6
82437 6
82439 5
82450 6
82451 6
82453 6
82456 5
82457 7
82459 5
82460 4
82461 6
82463 7
82465 6
82467 5
82469 5
82470 6
82471 6
82473 5
82475 5
82476 5
82479 6
82490 6
82491 6
82493 7
82495 6
82496 7
82497 6
82501 6
82503 5
82504 6
82506 7
82507 5
82509 6
82510 6
82513 6
82514 5
82516 6
82517 6
82519 6
82530 5
82531 4
82534 4
82536 6
82537 5
82539 4
82540 4
82541 5
82543 5
82546 6
82547 6
82549 7
82560 5
82561 6
82563 5
82564 4
82567 4
82569 4
82570 7
82571 7
82573 7
82574 6
82576 5
82579 6
82590 7
82591 7
82593 7
82594 5
82596 5
82597 5
82601 6
82603 6
82604 6
82605 7
82607 6
82609 6
82610 6
82613 7
82614 6
82615 6
82617 5
82619 5
82630 6
82631 6
82634 5
82635 5
82637 5
82639 6
82640 6
82641 6
82643 6
82645 6
82647 6
82649 7
82650 6
82651 6
82653 7
82654 6
82657 5
82659 6
82670 7
82671 6
82673 6
82674 6
82675 6
82679 6
82690 4
82691 6
82693 7
82694 6
82695 5
82697 5
82701 6
82703 6
82704 6
82705 7
82706 6
82709 6
82710 6
82713 7
82714 6
82715 7
82716 6
82719 5
82730 4
82731 6
82734 5
82735 6
82736 6
82739 6
82740 5
82741 5
82743 5
82745 5
82746 7
82749 6
82750 6
82751 6
82753 6
82754 6
82756 6
82759 6
82760 5
82761 6
82763 6
82764 4
82765 5
82769 5
82790 7
82791 6
82793 6
82794 6
82795 6
82796 6
82901 6
82903 6
82904 7
82905 6
82906 7
82907 6
82910 5
82913 7
82914 7
82915 6
82916 5
82917 6
82930 6
82931 6
82934 5
82935 6
82936 6
82937 5
82940 5
82941 5
82943 4
82945 7
82946 6
82947 5
82950 7
82951 6
82953 6
82954 5
82956 6
82957 5
82960 6
82961 6
82963 6
82964 5
82965 6
82967 4
82970 7
82971 6
82973 7
82974 4
82975 7
82976 6
83012 6
83014 6
83015 6
83016 7
83017 6
83019 6
83021 6
83024 6
83025 6
83026 6
83027 7
83029 7
83041 6
83042 6
83045 6
83046 6
83047 6
83049 5
83051 7
83052 6
83054 6
83056 5
83057 6
83059 5
83061 6
83062 6
83064 6
83065 5
83067 5
83069 5
83071 6
83072 7
83074 6
83075 5
83076 5
83079 5
83091 6
83092 6
83094 6
83095 6
83096 5
83097 5
83102 6
83104 6
83105 6
83106 6
83107 7
83109 6
83120 6
83124 6
83125 6
83126 6
83127 6
83129 7
83140 5
83142 5
83145 6
83146 6
83147 6
83149 6
83150 6
83152 7
83154 6
83156 4
83157 6
83159 5
83160 7
83162 5
83164 5
83165 6
83167 5
83169 6
83170 7
83172 6
83174 5
83175 6
83176 5
83179 6
83190 6
83192 5
83194 6
83195 5
83196 5
83197 6
83201 5
83204 4
83205 6
83206 6
83207 6
83209 6
83210 5
83214 5
83215 6
83216 5
83217 6
83219 6
83240 5
83241 6
83245 6
83246 5
83247 5
83249 6
83250 6
83251 6
83254 5
83256 6
83257 6
83259 5
83260 6
83261 6
83264 4
83265 6
83267 4
83269 6
83270 5
83271 5
83274 5
83275 5
83276 6
83279 6
83290 6
83291 6
83294 6
83295 6
83296 5
83297 6
83401 6
83402 6
83405 6
83406 6
83407 6
83409 6
83410 5
83412 5
83415 5
83416 6
83417 7
83419 6
83420 6
83421 6
83425 7
83426 6
83427 7
83429 7
83450 7
83451 6
83452 5
83456 4
83457 5
83459 5
83460 7
83461 6
83462 7
83465 5
83467 5
83469 5
83470 6
83471 6
83472 6
83475 6
83476 5
83479 6
83490 6
83491 6
83492 6
83495 6
83496 5
83497 6
83501 7
83502 6
83504 6
83506 5
83507 6
83509 5
83510 6
83512 4
83514 6
83516 4
83517 5
83519 4
83520 6
83521 6
83524 6
83526 5
83527 6
83529 6
83540 5
83541 6
83542 6
83546 6
83547 6
83549 6
83560 6
83561 6
83562 5
83564 5
83567 4
83569 5
83570 6
83571 6
83572 6
83574 5
83576 6
83579 6
83590 6
83591 6
83592 6
83594 5
83596 6
83597 5
83601 5
83602 5
83604 6
83605 6
83607 6
83609 5
83610 6
83612 6
83614 6
83615 5
83617 6
83619 6
83620 6
83621 7
83624 6
83625 5
83627 6
83629 6
83640 5
83641 5
83642 6
83645 6
83647 5
83649 6
83650 6
83651 6
83652 6
83654 6
83657 6
83659 6
83670 6
83671 6
83672 6
83674 6
83675 6
83679 6
83690 6
83691 6
83692 6
83694 5
83695 7
83697 6
83701 6
83702 6
83704 6
83705 6
83706 5
83709 6
83710 6
83712 5
83714 6
83715 5
83716 5
83719 6
83720 6
83721 6
83724 5
83725 5
83726 6
83729 5
83740 5
83741 6
83742 6
83745 5
83746 5
83749 6
83750 6
83751 6
83752 6
83754 6
83756 6
83759 6
83760 6
83761 6
83762 6
83764 6
83765 6
83769 7
83790 6
83791 6
83792 6
83794 4
83795 7
83796 7
83901 7
83902 6
83904 6
83905 5
83906 5
83907 5
83910 7
83912 6
83914 6
83915 5
83916 5
83917 5
83920 7
83921 6
83924 7
83925 6
83926 5
83927 6
83940 5
83941 6
83942 6
83945 6
83946 5
83947 6
83950 5
83951 6
83952 6
83954 6
83956 7
83957 5
83960 5
83961 4
83962 5
83964 5
83965 6
83967 5
83970 5
83971 6
83972 5
83974 6
83975 6
83976 6
84012 4
84013 5
84015 7
84016 5
84017 6
84019 6
84021 6
84023 6
84025 6
84026 6
84027 7
84029 7
84031 5
84032 5
84035 5
84036 6
84037 6
84039 5
84051 6
84052 6
84053 6
84056 7
84057 7
84059 6
84061 7
84062 6
84063 7
84065 6
84067 5
84069 7
84071 7
84072 7
84073 6
84075 7
84076 6
84079 6
84091 6
84092 5
84093 6
84095 7
84096 7
84097 6
84102 6
84103 5
84105 6
84106 6
84107 6
84109 7
84120 6
84123 6
84125 6
84126 6
84127 7
84129 7
84130 6
84132 6
84135 6
84136 6
84137 5
84139 6
84150 6
84152 4
84153 7
84156 6
84157 7
84159 6
84160 6
84162 5
84163 6
84165 6
84167 4
84169 6
84170 6
84172 7
84173 7
84175 7
84176 7
84179 6
84190 6
84192 6
84193 7
84195 7
84196 6
84197 6
84201 6
84203 4
84205 6
84206 6
84207 6
84209 6
84210 6
84213 5
84215 7
84216 6
84217 6
84219 6
84230 6
84231 5
84235 5
84236 6
84237 5
84239 6
84250 7
84251 6
84253 6
84256 6
84257 6
84259 5
84260 6
84261 6
84263 6
84265 6
84267 5
84269 7
84270 6
84271 6
84273 6
84275 6
84276 6
84279 6
84290 6
84291 6
84293 5
84295 6
84296 5
84297 5
84301 6
84302 6
84305 6
84306 6
84307 6
84309 5
84310 6
84312 6
84315 5
84316 7
84317 7
84319 7
84320 6
84321 6
84325 5
84326 6
84327 7
84329 7
84350 5
84351 6
84352 6
84356 6
84357 6
84359 5
84360 7
84361 6
84362 7
84365 6
84367 6
84369 6
84370 6
84371 6
84372 7
84375 6
84376 6
84379 6
84390 6
84391 7
84392 6
84395 7
84396 6
84397 6
84501 6
84502 7
84503 6
84506 7
84507 7
84509 7
84510 6
84512 6
84513 6
84516 5
84517 6
84519 7
84520 6
84521 6
84523 6
84526 6
84527 7
84529 7
84530 6
84531 6
84532 6
84536 7
84537 5
84539 5
84560 7
84561 6
84562 6
84563 6
84567 5
84569 5
84570 7
84571 7
84572 7
84573 6
84576 7
84579 6
84590 7
84591 7
84592 7
84593 6
84596 6
84597 5
84601 6
84602 6
84603 6
84605 6
84607 6
84609 7
84610 6
84612 6
84613 7
84615 6
84617 6
84619 7
84620 5
84621 6
84623 7
84625 6
84627 6
84629 7
84630 6
84631 6
84632 6
84635 6
84637 6
84639 6
84650 7
84651 7
84652 6
84653 5
84657 6
84659 7
84670 6
84671 7
84672 7
84673 6
84675 6
84679 6
84690 7
84691 7
84692 7
84693 6
84695 6
84697 4
84701 6
84702 4
84703 6
84705 7
84706 6
84709 6
84710 7
84712 6
84713 7
84715 6
84716 7
84719 7
84720 7
84721 6
84723 7
84725 6
84726 7
84729 7
84730 6
84731 6
84732 5
84735 6
84736 5
84739 5
84750 7
84751 5
84752 6
84753 6
84756 6
84759 7
84760 7
84761 6
84762 6
84763 6
84765 6
84769 5
84790 7
84791 7
84792 7
84793 6
84795 6
84796 7
84901 6
84902 5
84903 6
84905 7
84906 7
84907 5
84910 7
84912 7
84913 6
84915 7
84916 7
84917 5
84920 7
84921 6
84923 7
84925 7
84926 7
84927 5
84930 6
84931 7
84932 6
84935 5
84936 6
84937 5
84950 6
84951 6
84952 6
84953 6
84956 7
84957 6
84960 5
84961 6
84962 6
84963 6
84965 6
84967 4
84970 6
84971 6
84972 6
84973 6
84975 6
84976 6
85012 6
85013 6
85014 5
85016 7
85017 6
85019 5
85021 6
85023 6
85024 6
85026 6
85027 6
85029 5
85031 5
85032 5
85034 5
85036 6
85037 6
85039 5
85041 7
85042 6
85043 7
85046 7
85047 6
85049 7
85061 6
85062 6
85063 6
85064 6
85067 5
85069 5
85071 7
85072 7
85073 6
85074 6
85076 6
85079 6
85091 5
85092 5
85093 7
85094 6
85096 6
85097 5
85102 5
85103 7
85104 6
85106 6
85107 6
85109 6
85120 7
85123 7
85124 6
85126 6
85127 6
85129 5
85130 5
85132 5
85134 5
85136 5
85137 6
85139 5
85140 5
85142 4
85143 6
85146 6
85147 7
85149 6
85160 6
85162 6
85163 6
85164 6
85167 6
85169 5
85170 6
85172 7
85173 7
85174 5
85176 6
85179 7
85190 6
85192 5
85193 7
85194 4
85196 6
85197 5
85201 6
85203 7
85204 6
85206 5
85207 5
85209 5
85210 7
85213 6
85214 6
85216 6
85217 6
85219 6
85230 5
85231 5
85234 4
85236 5
85237 4
85239 4
85240 6
85241 6
85243 7
85246 6
85247 6
85249 6
85260 5
85261 5
85263 5
85264 5
85267 3
85269 5
85270 6
85271 6
85273 6
85274 5
85276 5
85279 6
85290 6
85291 6
85293 6
85294 4
85296 6
85297 5
85301 6
85302 5
85304 5
85306 6
85307 6
85309 7
85310 6
85312 6
85314 7
85316 7
85317 6
85319 7
85320 6
85321 7
85324 6
85326 7
85327 5
85329 6
85340 6
85341 6
85342 6
85346 5
85347 6
85349 7
85360 6
85361 6
85362 6
85364 5
85367 4
85369 5
85370 6
85371 7
85372 7
85374 6
85376 7
85379 6
85390 6
85391 7
85392 6
85394 5
85396 7
85397 6
85401 6
85402 5
85403 7
85406 6
85407 6
85409 6
85410 7
85412 5
85413 7
85416 5
85417 6
85419 6
85420 6
85421 6
85423 7
85426 6
85427 6
85429 6
85430 6
85431 6
85432 6
85436 5
85437 6
85439 6
85460 6
85461 6
85462 6
85463 5
85467 5
85469 5
85470 6
85471 6
85472 6
85473 6
85476 5
85479 6
85490 7
85491 6
85492 6
85493 6
85496 7
85497 5
85601 6
85602 6
85603 6
85604 6
85607 6
85609 6
85610 6
85612 6
85613 6
85614 6
85617 6
85619 7
85620 6
85621 6
85623 7
85624 5
85627 6
85629 6
85630 6
85631 7
85632 6
85634 4
85637 6
85639 5
85640 6
85641 6
85642 6
85643 6
85647 7
85649 6
85670 7
85671 6
85672 6
85673 6
85674 5
85679 6
85690 6
85691 6
85692 7
85693 6
85694 5
85697 6
85701 7
85702 7
85703 6
85704 6
85706 7
85709 7
85710 7
85712 7
85713 7
85714 5
85716 6
85719 7
85720 7
85721 7
85723 7
85724 6
85726 6
85729 5
85730 6
85731 5
85732 6
85734 5
85736 6
85739 6
85740 7
85741 6
85742 6
85743 6
85746 6
85749 6
85760 6
85761 5
85762 6
85763 6
85764 5
85769 6
85790 6
85791 5
85792 7
85793 7
85794 5
85796 7
85901 6
85902 5
85903 7
85904 6
85906 6
85907 6
85910 6
85912 5
85913 7
85914 6
85916 6
85917 6
85920 6
85921 5
85923 7
85924 6
85926 7
85927 7
85930 5
85931 6
85932 4
85934 4
85936 6
85937 5
85940 5
85941 7
85942 7
85943 6
85946 7
85947 6
85960 5
85961 6
85962 6
85963 6
85964 5
85967 6
85970 5
85971 7
85972 6
85973 6
85974 6
85976 6
86012 5
86013 7
86014 5
86015 7
86017 6
86019 5
86021 7
86023 6
86024 6
86025 7
86027 6
86029 6
86031 6
86032 5
86034 6
86035 7
86037 6
86039 5
86041 6
86042 6
86043 6
86045 7
86047 6
86049 6
86051 6
86052 5
86053 6
86054 6
86057 6
86059 5
86071 7
86072 7
86073 6
86074 5
86075 7
86079 6
86091 5
86092 6
86093 6
86094 6
86095 7
86097 5
86102 5
86103 6
86104 5
86105 6
86107 6
86109 6
86120 7
86123 7
86124 6
86125 6
86127 6
86129 5
86130 6
86132 6
86134 5
86135 5
86137 6
86139 5
86140 5
86142 5
86143 7
86145 6
86147 6
86149 6
86150 5
86152 6
86153 7
86154 5
86157 6
86159 6
86170 5
86172 6
86173 7
86174 6
86175 6
86179 6
86190 6
86192 6
86193 6
86194 3
86195 6
86197 6
86201 6
86203 6
86204 5
86205 5
86207 5
86209 5
86210 6
86213 6
86214 5
86215 6
86217 6
86219 5
86230 5
86231 5
86234 5
86235 5
86237 5
86239 5
86240 7
86241 6
86243 7
86245 6
86247 5
86249 6
86250 4
86251 6
86253 6
86254 5
86257 5
86259 6
86270 6
86271 6
86273 6
86274 5
86275 6
86279 6
86290 5
86291 6
86293 5
86294 5
86295 5
86297 6
86301 4
86302 5
86304 5
86305 7
86307 6
86309 6
86310 6
86312 6
86314 6
86315 6
86317 5
86319 7
86320 6
86321 6
86324 7
86325 7
86327 6
86329 5
86340 4
86341 7
86342 6
86345 6
86347 6
86349 5
86350 5
86351 5
86352 6
86354 6
86357 6
86359 5
86370 6
86371 7
86372 6
86374 6
86375 6
86379 6
86390 5
86391 6
86392 6
86394 5
86395 6
86397 5
86401 6
86402 7
86403 6
86405 5
86407 6
86409 6
86410 5
86412 5
86413 6
86415 5
86417 5
86419 6
86420 5
86421 6
86423 6
86425 6
86427 6
86429 6
86430 6
86431 6
86432 6
86435 5
86437 5
86439 6
86450 6
86451 6
86452 6
86453 5
86457 6
86459 7
86470 5
86471 6
86472 6
86473 5
86475 5
86479 7
86490 7
86491 6
86492 6
86493 6
86495 7
86497 6
86501 7
86502 6
86503 6
86504 5
86507 6
86509 6
86510 7
86512 7
86513 7
86514 6
86517 4
86519 6
86520 6
86521 7
86523 7
86524 5
86527 4
86529 6
86530 6
86531 6
86532 4
86534 6
86537 5
86539 4
86540 7
86541 6
86542 5
86543 5
86547 6
86549 6
86570 7
86571 6
86572 5
86573 7
86574 5
86579 6
86590 6
86591 6
86592 6
86593 6
86594 4
86597 6
86701 7
86702 7
86703 6
86704 6
86705 6
86709 6
86710 6
86712 7
86713 6
86714 6
86715 5
86719 6
86720 6
86721 7
86723 6
86724 6
86725 5
86729 7
86730 6
86731 6
86732 6
86734 5
86735 6
86739 6
86740 6
86741 7
86742 7
86743 6
86745 6
86749 7
86750 6
86751 3
86752 4
86753 7
86754 6
86759 6
86790 6
86791 7
86792 7
86793 7
86794 5
86795 6
86901 5
86902 6
86903 6
86904 5
86905 6
86907 6
86910 5
86912 4
86913 7
86914 5
86915 6
86917 6
86920 5
86921 6
86923 6
86924 5
86925 6
86927 6
86930 5
86931 6
86932 3
86934 5
86935 4
86937 5
86940 6
86941 4
86942 5
86943 6
86945 6
86947 6
86950 5
86951 6
86952 6
86953 6
86954 5
86957 5
86970 6
86971 6
86972 5
86973 6
86974 5
86975 6
87012 7
87013 7
87014 6
87015 7
87016 5
87019 6
87021 6
87023 6
87024 5
87025 7
87026 7
87029 5
87031 6
87032 6
87034 6
87035 6
87036 6
87039 6
87041 6
87042 6
87043 5
87045 7
87046 6
87049 7
87051 7
87052 6
87053 7
87054 6
87056 5
87059 6
87061 6
87062 6
87063 6
87064 6
87065 6
87069 6
87091 6
87092 6
87093 7
87094 6
87095 6
87096 4
87102 6
87103 6
87104 6
87105 6
87106 7
87109 6
87120 6
87123 6
87124 5
87125 6
87126 7
87129 5
87130 6
87132 6
87134 6
87135 6
87136 6
87139 5
87140 6
87142 6
87143 6
87145 7
87146 7
87149 7
87150 6
87152 6
87153 6
87154 6
87156 6
87159 6
87160 6
87162 6
87163 6
87164 6
87165 6
87169 5
87190 6
87192 5
87193 6
87194 5
87195 6
87196 5
87201 6
87203 6
87204 5
87205 6
87206 4
87209 6
87210 6
87213 6
87214 4
87215 4
87216 5
87219 6
87230 5
87231 6
87234 5
87235 5
87236 5
87239 5
87240 6
87241 6
87243 5
87245 6
87246 5
87249 6
87250 5
87251 6
87253 6
87254 4
87256 5
87259 5
87260 6
87261 6
87263 6
87264 5
87265 5
87269 6
87290 6
87291 6
87293 6
87294 5
87295 6
87296 6
87301 6
87302 6
87304 6
87305 5
87306 6
87309 7
87310 6
87312 6
87314 5
87315 6
87316 6
87319 6
87320 7
87321 7
87324 5
87325 5
87326 6
87329 7
87340 6
87341 6
87342 7
87345 6
87346 6
87349 6
87350 6
87351 6
87352 5
87354 6
87356 5
87359 6
87360 6
87361 6
87362 7
87364 4
87365 6
87369 6
87390 6
87391 6
87392 7
87394 5
87395 7
87396 6
87401 6
87402 5
87403 5
87405 6
87406 6
87409 5
87410 7
87412 6
87413 7
87415 6
87416 5
87419 6
87420 6
87421 7
87423 7
87425 5
87426 6
87429 6
87430 6
87431 6
87432 6
87435 5
87436 4
87439 6
87450 6
87451 6
87452 6
87453 5
87456 5
87459 6
87460 6
87461 5
87462 6
87463 5
87465 5
87469 4
87490 6
87491 6
87492 6
87493 6
87495 6
87496 6
87501 7
87502 7
87503 6
87504 6
87506 7
87509 6
87510 6
87512 6
87513 6
87514 6
87516 6
87519 6
87520 7
87521 6
87523 7
87524 6
87526 6
87529 5
87530 6
87531 5
87532 6
87534 5
87536 6
87539 5
87540 7
87541 6
87542 6
87543 6
87546 7
87549 6
87560 6
87561 5
87562 6
87563 5
87564 5
87569 4
87590 6
87591 6
87592 7
87593 6
87594 4
87596 3
87601 7
87602 5
87603 5
87604 6
87605 6
87609 6
87610 6
87612 7
87613 6
87614 6
87615 6
87619 7
87620 7
87621 7
87623 6
87624 7
87625 6
87629 6
87630 6
87631 6
87632 6
87634 5
87635 5
87639 5
87640 6
87641 6
87642 6
87643 6
87645 6
87649 7
87650 6
87651 5
87652 5
87653 6
87654 5
87659 6
87690 6
87691 6
87692 6
87693 7
87694 5
87695 4
87901 6
87902 6
87903 6
87904 5
87905 6
87906 6
87910 7
87912 6
87913 7
87914 6
87915 7
87916 6
87920 6
87921 6
87923 7
87924 6
87925 6
87926 6
87930 5
87931 6
87932 5
87934 4
87935 6
87936 5
87940 6
87941 7
87942 7
87943 7
87945 6
87946 6
87950 5
87951 6
87952 6
87953 6
87954 5
87956 6
87960 6
87961 5
87962 6
87963 6
87964 5
87965 5
89012 6
89013 6
89014 6
89015 5
89016 6
89017 5
89021 6
89023 6
89024 5
89025 6
89026 6
89027 5
89031 6
89032 6
89034 6
89035 6
89036 6
89037 6
89041 5
89042 4
89043 6
89045 6
89046 7
89047 5
89051 6
89052 6
89053 7
89054 7
89056 6
89057 5
89061 5
89062 6
89063 6
89064 5
89065 6
89067 4
89071 5
89072 6
89073 6
89074 7
89075 6
89076 5
89102 6
89103 6
89104 5
89105 6
89106 7
89107 5
89120 6
89123 7
89124 6
89125 6
89126 6
89127 5
89130 6
89132 5
89134 5
89135 6
89136 6
89137 5
89140 5
89142 6
89143 5
89145 7
89146 6
89147 6
89150 5
89152 4
89153 6
89154 5
89156 5
89157 6
89160 6
89162 5
89163 6
89164 5
89165 5
89167 5
89170 5
89172 6
89173 7
89174 5
89175 7
89176 7
89201 7
89203 6
89204 5
89205 6
89206 6
89207 6
89210 6
89213 6
89214 4
89215 6
89216 4
89217 6
89230 5
89231 4
89234 5
89235 6
89236 4
89237 5
89240 6
89241 6
89243 6
89245 6
89246 5
89247 6
89250 6
89251 7
89253 5
89254 5
89256 6
89257 6
89260 6
89261 5
89263 5
89264 5
89265 6
89267 5
89270 6
89271 5
89273 6
89274 4
89275 6
89276 6
89301 6
89302 6
89304 6
89305 7
89306 7
89307 6
89310 7
89312 6
89314 6
89315 7
89316 7
89317 6
89320 6
89321 7
89324 6
89325 7
89326 7
89327 6
89340 6
89341 5
89342 4
89345 7
89346 6
89347 7
89350 5
89351 6
89352 6
89354 6
89356 7
89357 6
89360 6
89361 6
89362 6
89364 5
89365 5
89367 4
89370 7
89371 6
89372 7
89374 5
89375 7
89376 7
89401 6
89402 6
89403 5
89405 7
89406 6
89407 4
89410 6
89412 6
89413 6
89415 6
89416 6
89417 5
89420 6
89421 7
89423 7
89425 5
89426 7
89427 6
89430 5
89431 6
89432 6
89435 6
89436 7
89437 5
89450 7
89451 6
89452 7
89453 6
89456 7
89457 6
89460 6
89461 5
89462 5
89463 6
89465 6
89467 5
89470 6
89471 6
89472 6
89473 6
89475 6
89476 6
89501 6
89502 6
89503 7
89504 6
89506 6
89507 5
89510 6
89512 6
89513 7
89514 6
89516 6
89517 5
89520 7
89521 6
89523 7
89524 6
89526 6
89527 5
89530 5
89531 5
89532 6
89534 5
89536 5
89537 4
89540 6
89541 7
89542 7
89543 6
89546 7
89547 5
89560 4
89561 6
89562 6
89563 4
89564 4
89567 6
89570 6
89571 6
89572 6
89573 5
89574 5
89576 6
89601 6
89602 6
89603 6
89604 7
89605 6
89607 5
89610 6
89612 5
89613 7
89614 6
89615 7
89617 6
89620 6
89621 6
89623 7
89624 5
89625 7
89627 6
89630 7
89631 6
89632 5
89634 4
89635 6
89637 5
89640 6
89641 7
89642 7
89643 7
89645 6
89647 6
89650 7
89651 6
89652 6
89653 7
89654 5
89657 6
89670 5
89671 6
89672 6
89673 6
89674 5
89675 6
89701 6
89702 6
89703 7
89704 6
89705 6
89706 6
89710 6
89712 6
89713 7
89714 6
89715 7
89716 6
89720 7
89721 6
89723 6
89724 7
89725 7
89726 6
89730 6
89731 6
89732 5
89734 5
89735 6
89736 6
89740 7
89741 7
89742 7
89743 7
89745 6
89746 7
89750 6
89751 5
89752 5
89753 6
89754 5
89756 6
89760 7
89761 6
89762 7
89763 6
89764 5
89765 5
90123 6
90124 5
90125 6
90126 6
90127 6
90128 6
90132 5
90134 5
90135 6
90136 6
90137 7
90138 6
90142 6
90143 5
90145 6
90146 6
90147 6
90148 6
90152 6
90153 7
90154 6
90156 6
90157 5
90158 6
90162 6
90163 7
90164 6
90165 6
90167 5
90168 6
90172 6
90173 5
90174 6
90175 6
90176 7
90178 6
90182 6
90183 7
90184 6
90185 7
90186 7
90187 6
90213 6
90214 5
90215 7
90216 6
90217 7
90218 7
90231 5
90234 4
90235 5
90236 5
90237 5
90238 6
90241 5
90243 5
90245 5
90246 6
90247 5
90248 6
90251 6
90253 6
90254 6
90256 6
90257 6
90258 6
90261 6
90263 6
90264 5
90265 6
90267 5
90268 6
90271 6
90273 6
90274 6
90275 6
90276 5
90278 7
90281 6
90283 6
90284 6
90285 5
90286 6
90287 6
90312 6
90314 5
90315 7
90316 6
90317 6
90318 6
90321 5
90324 6
90325 6
90326 6
90327 6
90328 5
90341 6
90342 6
90345 6
90346 5
90347 6
90348 6
90351 7
90352 6
90354 5
90356 7
90357 6
90358 5
90361 6
90362 7
90364 6
90365 6
90367 6
90368 6
90371 4
90372 5
90374 6
90375 7
90376 7
90378 7
90381 6
90382 7
90384 5
90385 7
90386 6
90387 6
90412 4
90413 5
90415 7
90416 6
90417 5
90418 6
90421 6
90423 5
90425 6
90426 6
90427 7
90428 6
90431 5
90432 5
90435 6
90436 6
90437 5
90438 6
90451 7
90452 6
90453 7
90456 6
90457 5
90458 5
90461 6
90462 7
90463 7
90465 6
90467 5
90468 5
90471 7
90472 6
90473 5
90475 6
90476 6
90478 6
90481 7
90482 7
90483 6
90485 5
90486 6
90487 5
90512 7
90513 5
90514 6
90516 7
90517 6
90518 6
90521 6
90523 6
90524 6
90526 6
90527 6
90528 6
90531 6
90532 5
90534 6
90536 6
90537 5
90538 6
90541 6
90542 6
90543 6
90546 7
90547 6
90548 7
90561 7
90562 7
90563 7
90564 5
90567 5
90568 5
90571 6
90572 6
90573 6
90574 5
90576 7
90578 6
90581 7
90582 5
90583 7
90584 6
90586 6
90587 5
90612 6
90613 7
90614 6
90615 6
90617 6
90618 5
90621 7
90623 7
90624 6
90625 6
90627 6
90628 6
90631 6
90632 6
90634 6
90635 6
90637 5
90638 6
90641 6
90642 6
90643 5
90645 6
90647 6
90648 7
90651 6
90652 6
90653 6
90654 7
90657 6
90658 6
90671 7
90672 7
90673 6
90674 7
90675 7
90678 6
90681 6
90682 6
90683 7
90684 6
90685 7
90687 6
90712 6
90713 7
90714 6
90715 7
90716 7
90718 7
90721 6
90723 6
90724 6
90725 7
90726 7
90728 6
90731 6
90732 5
90734 5
90735 6
90736 6
90738 6
90741 6
90742 7
90743 5
90745 6
90746 7
90748 7
90751 7
90752 6
90753 6
90754 5
90756 6
90758 6
90761 5
90762 6
90763 7
90764 7
90765 6
90768 7
90781 7
90782 6
90783 7
90784 6
90785 7
90786 7
90812 7
90813 7
90814 6
90815 7
90816 7
90817 6
90821 6
90823 7
90824 6
90825 6
90826 6
90827 6
90831 6
90832 6
90834 6
90835 6
90836 6
90837 5
90841 6
90842 6
90843 6
90845 7
90846 7
90847 6
90851 7
90852 6
90853 6
90854 7
90856 6
90857 6
90861 6
90862 5
90863 6
90864 6
90865 5
90867 5
90871 7
90872 6
90873 7
90874 6
90875 5
90876 5
91023 5
91024 5
91025 5
91026 5
91027 6
91028 6
91032 5
91034 5
91035 5
91036 4
91037 5
91038 6
91042 5
91043 6
91045 5
91046 5
91047 6
91048 6
91052 5
91053 4
91054 6
91056 6
91057 6
91058 6
91062 5
91063 6
91064 6
91065 6
91067 5
91068 4
91072 6
91073 6
91074 6
91075 6
91076 6
91078 6
91082 6
91083 7
91084 6
91085 6
91086 7
91087 6
91203 5
91204 5
91205 6
91206 6
91207 6
91208 6
91230 5
91234 4
91235 4
91236 5
91237 5
91238 5
91240 6
91243 5
91245 5
91246 5
91247 4
91248 5
91250 5
91253 6
91254 4
91256 6
91257 5
91258 5
91260 5
91263 5
91264 5
91265 5
91267 6
91268 5
91270 5
91273 5
91274 5
91275 5
91276 4
91278 5
91280 5
91283 5
91284 5
91285 5
91286 5
91287 5
91302 4
91304 5
91305 5
91306 5
91307 5
91308 5
91320 5
91324 6
91325 6
91326 5
91327 5
91328 5
91340 5
91342 4
91345 5
91346 5
91347 5
91348 5
91350 5
91352 5
91354 5
91356 7
91357 6
91358 7
91360 5
91362 6
91364 5
91365 6
91367 5
91368 4
91370 5
91372 5
91374 4
91375 5
91376 6
91378 6
91380 6
91382 5
91384 5
91385 6
91386 6
91387 5
91402 5
91403 5
91405 6
91406 5
91407 6
91408 6
91420 5
91423 5
91425 6
91426 5
91427 5
91428 4
91430 5
91432 5
91435 5
91436 5
91437 5
91438 5
91450 6
91452 4
91453 5
91456 6
91457 6
91458 6
91460 6
91462 7
91463 5
91465 6
91467 5
91468 5
91470 6
91472 6
91473 6
91475 7
91476 7
91478 6
91480 6
91482 5
91483 6
91485 6
91486 6
91487 5
91502 6
91503 6
91504 5
91506 6
91507 5
91508 5
91520 6
91523 6
91524 5
91526 6
91527 5
91528 7
91530 6
91532 5
91534 4
91536 5
91537 5
91538 5
91540 6
91542 6
91543 6
91546 6
91547 5
91548 5
91560 6
91562 5
91563 5
91564 5
91567 4
91568 4
91570 6
91572 6
91573 6
91574 5
91576 5
91578 5
91580 6
91582 6
91583 5
91584 5
91586 5
91587 5
91602 6
91603 6
91604 6
91605 7
91607 5
91608 6
91620 6
91623 6
91624 6
91625 5
91627 6
91628 6
91630 5
91632 6
91634 5
91635 5
91637 4
91638 5
91640 7
91642 6
91643 6
91645 5
91647 6
91648 6
91650 7
91652 6
91653 6
91654 5
91657 6
91658 6
91670 6
91672 6
91673 7
91674 6
91675 5
91678 6
91680 7
91682 6
91683 6
91684 5
91685 5
91687 5
91702 6
91703 7
91704 6
91705 6
91706 6
91708 6
91720 6
91723 4
91724 5
91725 6
91726 6
91728 6
91730 5
91732 6
91734 5
91735 5
91736 5
91738 5
91740 7
91742 5
91743 6
91745 6
91746 7
91748 6
91750 6
91752 6
91753 6
91754 5
91756 6
91758 6
91760 7
91762 7
91763 6
91764 4
91765 5
91768 6
91780 7
91782 5
91783 6
91784 5
91785 6
91786 6
91802 6
91803 6
91804 5
91805 6
91806 7
91807 5
91820 6
91823 6
91824 4
91825 6
91826 6
91827 6
91830 6
91832 6
91834 4
91835 6
91836 6
91837 4
91840 6
91842 6
91843 7
91845 6
91846 6
91847 6
91850 6
91852 7
91853 6
91854 4
91856 5
91857 5
91860 6
91862 6
91863 5
91864 5
91865 5
91867 4
91870 6
91872 6
91873 7
91874 5
91875 5
91876 6
92013 5
92014 6
92015 6
92016 5
92017 6
92018 7
92031 5
92034 5
92035 6
92036 7
92037 6
92038 5
92041 6
92043 5
92045 6
92046 5
92047 5
92048 4
92051 7
92053 5
92054 6
92056 7
92057 5
92058 6
92061 6
92063 4
92064 7
92065 7
92067 6
92068 6
92071 6
92073 5
92074 5
92075 7
92076 6
92078 7
92081 7
92083 6
92084 6
92085 6
92086 6
92087 6
92103 5
92104 6
92105 7
92106 6
92107 6
92108 5
92130 5
92134 5
92135 6
92136 6
92137 5
92138 4
92140 5
92143 5
92145 6
92146 5
92147 6
92148 6
92150 6
92153 6
92154 6
92156 6
92157 6
92158 6
92160 6
92163 7
92164 6
92165 7
92167 6
92168 5
92170 6
92173 7
92174 5
92175 6
92176 6
92178 6
92180 5
92183 6
92184 6
92185 6
92186 5
92187 6
92301 5
92304 5
92305 6
92306 5
92307 6
92308 6
92310 5
92314 5
92315 6
92316 6
92317 6
92318 6
92340 5
92341 5
92345 5
92346 5
92347 5
92348 5
92350 6
92351 6
92354 5
92356 7
92357 6
92358 6
92360 6
92361 6
92364 6
92365 6
92367 6
92368 6
92370 5
92371 7
92374 6
92375 7
92376 7
92378 7
92380 5
92381 6
92384 6
92385 7
92386 7
92387 6
92401 6
92403 5
92405 7
92406 5
92407 6
92408 7
92410 5
92413 5
92415 6
92416 6
92417 6
92418 6
92430 5
92431 6
92435 5
92436 6
92437 6
92438 6
92450 7
92451 6
92453 6
92456 5
92457 6
92458 6
92460 5
92461 6
92463 6
92465 6
92467 5
92468 6
92470 6
92471 6
92473 6
92475 6
92476 6
92478 6
92480 6
92481 6
92483 6
92485 6
92486 7
92487 6
92501 5
92503 5
92504 6
92506 7
92507 6
92508 7
92510 6
92513 7
92514 6
92516 7
92517 6
92518 7
92530 6
92531 5
92534 5
92536 6
92537 4
92538 5
92540 5
92541 5
92543 5
92546 7
92547 6
92548 7
92560 6
92561 6
92563 5
92564 4
92567 4
92568 4
92570 7
92571 7
92573 7
92574 6
92576 6
92578 5
92580 6
92581 5
92583 7
92584 5
92586 6
92587 4
92601 6
92603 6
92604 6
92605 6
92607 6
92608 6
92610 6
92613 6
92614 6
92615 7
92617 6
92618 5
92630 6
92631 6
92634 6
92635 6
92637 5
92638 6
92640 6
92641 6
92643 6
92645 6
92647 6
92648 7
92650 6
92651 6
92653 6
92654 6
92657 6
92658 6
92670 7
92671 6
92673 7
92674 5
92675 6
92678 6
92680 7
92681 7
92683 6
92684 6
92685 7
92687 5
92701 6
92703 6
92704 6
92705 7
92706 7
92708 7
92710 6
92713 6
92714 5
92715 7
92716 7
92718 7
92730 5
92731 6
92734 6
92735 5
92736 6
92738 6
92740 6
92741 6
92743 5
92745 7
92746 7
92748 6
92750 6
92751 7
92753 7
92754 5
92756 6
92758 6
92760 5
92761 6
92763 6
92764 6
92765 5
92768 5
92780 7
92781 7
92783 7
92784 5
92785 7
92786 6
92801 6
92803 6
92804 7
92805 6
92806 6
92807 5
92810 6
92813 6
92814 6
92815 7
92816 7
92817 5
92830 6
92831 6
92834 5
92835 6
92836 5
92837 5
92840 6
92841 7
92843 5
92845 7
92846 7
92847 6
92850 7
92851 5
92853 7
92854 6
92856 4
92857 5
92860 6
92861 6
92863 6
92864 5
92865 6
92867 5
92870 7
92871 7
92873 7
92874 6
92875 7
92876 5
93012 6
93014 6
93015 6
93016 6
93017 6
93018 6
93021 6
93024 6
93025 6
93026 6
93027 5
93028 6
93041 5
93042 6
93045 6
93046 6
93047 6
93048 6
93051 7
93052 6
93054 6
93056 5
93057 5
93058 6
93061 5
93062 6
93064 5
93065 5
93067 5
93068 6
93071 6
93072 6
93074 6
93075 6
93076 6
93078 6
93081 6
93082 7
93084 6
93085 6
93086 5
93087 6
93102 6
93104 4
93105 6
93106 6
93107 6
93108 7
93120 6
93124 6
93125 7
93126 6
93127 6
93128 6
93140 6
93142 6
93145 7
93146 6
93147 6
93148 6
93150 7
93152 7
93154 6
93156 6
93157 6
93158 6
93160 7
93162 4
93164 6
93165 6
93167 5
93168 5
93170 6
93172 6
93174 6
93175 7
93176 6
93178 5
93180 6
93182 6
93184 6
93185 6
93186 5
93187 5
93201 5
93204 5
93205 6
93206 5
93207 6
93208 6
93210 5
93214 5
93215 6
93216 6
93217 6
93218 6
93240 5
93241 6
93245 7
93246 7
93247 6
93248 6
93250 7
93251 6
93254 5
93256 6
93257 6
93258 5
93260 6
93261 6
93264 5
93265 6
93267 4
93268 5
93270 6
93271 6
93274 5
93275 6
93276 5
93278 6
93280 6
93281 7
93284 6
93285 7
93286 6
93287 6
93401 6
93402 6
93405 6
93406 6
93407 6
93408 6
93410 6
93412 5
93415 6
93416 7
93417 6
93418 7
93420 6
93421 6
93425 7
93426 6
93427 7
93428 7
93450 6
93451 7
93452 6
93456 6
93457 5
93458 6
93460 6
93461 6
93462 7
93465 5
93467 5
93468 5
93470 6
93471 6
93472 6
93475 6
93476 6
93478 5
93480 6
93481 5
93482 5
93485 6
93486 6
93487 6
93501 7
93502 6
93504 6
93506 5
93507 6
93508 6
93510 6
93512 5
93514 6
93516 6
93517 6
93518 6
93520 7
93521 6
93524 7
93526 6
93527 5
93528 7
93540 5
93541 6
93542 6
93546 6
93547 6
93548 7
93560 6
93561 6
93562 6
93564 5
93567 5
93568 5
93570 5
93571 7
93572 6
93574 6
93576 6
93578 6
93580 7
93581 7
93582 6
93584 5
93586 6
93587 5
93601 6
93602 5
93604 6
93605 6
93607 6
93608 6
93610 6
93612 6
93614 6
93615 6
93617 6
93618 6
93620 6
93621 6
93624 6
93625 6
93627 6
93628 6
93640 5
93641 6
93642 6
93645 5
93647 6
93648 6
93650 6
93651 6
93652 6
93654 6
93657 6
93658 6
93670 6
93671 6
93672 6
93674 6
93675 5
93678 5
93680 6
93681 6
93682 6
93684 6
93685 7
93687 6
93701 5
93702 5
93704 5
93705 5
93706 5
93708 6
93710 7
93712 6
93714 6
93715 6
93716 5
93718 6
93720 6
93721 5
93724 6
93725 6
93726 6
93728 6
93740 4
93741 6
93742 6
93745 6
93746 6
93748 7
93750 6
93751 7
93752 7
93754 6
93756 6
93758 7
93760 5
93761 6
93762 5
93764 6
93765 6
93768 6
93780 6
93781 7
93782 6
93784 6
93785 7
93786 7
93801 6
93802 6
93804 5
93805 6
93806 6
93807 5
93810 7
93812 6
93814 6
93815 6
93816 6
93817 6
93820 7
93821 6
93824 6
93825 6
93826 6
93827 5
93840 5
93841 7
93842 6
93845 6
93846 6
93847 6
93850 6
93851 5
93852 6
93854 6
93856 7
93857 6
93860 6
93861 6
93862 6
93864 5
93865 5
93867 5
93870 6
93871 7
93872 7
93874 6
93875 6
93876 6
94012 5
94013 5
94015 7
94016 6
94017 7
94018 7
94021 6
94023 6
94025 6
94026 6
94027 7
94028 7
94031 6
94032 5
94035 6
94036 6
94037 6
94038 4
94051 6
94052 6
94053 7
94056 7
94057 7
94058 7
94061 6
94062 6
94063 7
94065 6
94067 6
94068 6
94071 7
94072 7
94073 7
94075 7
94076 7
94078 7
94081 7
94082 7
94083 6
94085 6
94086 7
94087 6
94102 6
94103 6
94105 7
94106 6
94107 6
94108 6
94120 5
94123 6
94125 6
94126 6
94127 7
94128 7
94130 5
94132 6
94135 6
94136 6
94137 6
94138 6
94150 5
94152 6
94153 6
94156 7
94157 7
94158 7
94160 6
94162 6
94163 6
94165 7
94167 5
94168 7
94170 7
94172 7
94173 7
94175 6
94176 7
94178 6
94180 7
94182 6
94183 7
94185 7
94186 7
94187 6
94201 5
94203 5
94205 6
94206 6
94207 6
94208 6
94210 6
94213 6
94215 7
94216 6
94217 6
94218 6
94230 5
94231 5
94235 5
94236 6
94237 5
94238 5
94250 6
94251 6
94253 6
94256 6
94257 5
94258 7
94260 6
94261 7
94263 6
94265 6
94267 6
94268 5
94270 6
94271 6
94273 6
94275 7
94276 7
94278 6
94280 6
94281 6
94283 5
94285 5
94286 6
94287 6
94301 6
94302 6
94305 6
94306 6
94307 6
94308 6
94310 6
94312 6
94315 6
94316 7
94317 7
94318 6
94320 6
94321 6
94325 6
94326 6
94327 7
94328 6
94350 7
94351 6
94352 6
94356 6
94357 5
94358 7
94360 7
94361 7
94362 6
94365 6
94367 6
94368 7
94370 7
94371 7
94372 6
94375 6
94376 6
94378 7
94380 7
94381 6
94382 7
94385 7
94386 6
94387 7
94501 6
94502 7
94503 6
94506 6
94507 6
94508 7
94510 6
94512 6
94513 6
94516 6
94517 7
94518 7
94520 6
94521 6
94523 6
94526 7
94527 6
94528 7
94530 6
94531 6
94532 6
94536 6
94537 6
94538 6
94560 6
94561 7
94562 7
94563 6
94567 5
94568 5
94570 7
94571 7
94572 5
94573 6
94576 7
94578 6
94580 6
94581 5
94582 6
94583 7
94586 6
94587 5
94601 6
94602 6
94603 6
94605 6
94607 6
94608 7
94610 7
94612 5
94613 6
94615 6
94617 6
94618 7
94620 6
94621 6
94623 6
94625 7
94627 5
94628 7
94630 6
94631 5
94632 5
94635 6
94637 6
94638 6
94650 7
94651 6
94652 7
94653 6
94657 6
94658 7
94670 7
94671 7
94672 7
94673 6
94675 7
94678 6
94680 7
94681 7
94682 6
94683 7
94685 7
94687 6
94701 6
94702 6
94703 6
94705 7
94706 7
94708 7
94710 7
94712 6
94713 7
94715 7
94716 7
94718 5
94720 6
94721 6
94723 6
94725 6
94726 7
94728 6
94730 6
94731 6
94732 6
94735 6
94736 6
94738 6
94750 6
94751 7
94752 7
94753 6
94756 5
94758 7
94760 7
94761 7
94762 7
94763 6
94765 7
94768 6
94780 7
94781 7
94782 7
94783 7
94785 7
94786 7
94801 5
94802 6
94803 6
94805 6
94806 7
94807 6
94810 7
94812 7
94813 7
94815 7
94816 7
94817 6
94820 6
94821 7
94823 6
94825 7
94826 7
94827 6
94830 6
94831 6
94832 5
94835 7
94836 6
94837 5
94850 6
94851 7
94852 7
94853 7
94856 7
94857 6
94860 6
94861 6
94862 6
94863 6
94865 6
94867 4
94870 6
94871 7
94872 7
94873 7
94875 6
94876 6
95012 6
95013 6
95014 6
95016 7
95017 6
95018 6
95021 5
95023 6
95024 6
95026 6
95027 6
95028 7
95031 5
95032 6
95034 5
95036 6
95037 5
95038 5
95041 7
95042 6
95043 7
95046 7
95047 6
95048 7
95061 6
95062 6
95063 7
95064 6
95067 5
95068 6
95071 7
95072 6
95073 7
95074 6
95076 6
95078 4
95081 6
95082 7
95083 7
95084 6
95086 7
95087 6
95102 5
95103 6
95104 6
95106 5
95107 6
95108 6
95120 7
95123 7
95124 6
95126 7
95127 6
95128 7
95130 6
95132 6
95134 5
95136 5
95137 5
95138 6
95140 6
95142 6
95143 5
95146 7
95147 7
95148 7
95160 6
95162 7
95163 7
95164 6
95167 6
95168 6
95170 6
95172 7
95173 7
95174 6
95176 6
95178 7
95180 7
95182 7
95183 7
95184 5
95186 7
95187 6
95201 6
95203 7
95204 6
95206 6
95207 5
95208 5
95210 6
95213 6
95214 6
95216 6
95217 6
95218 7
95230 5
95231 5
95234 4
95236 5
95237 5
95238 5
95240 6
95241 5
95243 6
95246 6
95247 5
95248 7
95260 6
95261 5
95263 6
95264 6
95267 4
95268 6
95270 6
95271 6
95273 6
95274 4
95276 6
95278 4
95280 6
95281 7
95283 6
95284 4
95286 6
95287 5
95301 6
95302 6
95304 6
95306 7
95307 6
95308 6
95310 7
95312 5
95314 6
95316 7
95317 7
95318 7
95320 6
95321 7
95324 6
95326 7
95327 5
95328 7
95340 5
95341 6
95342 7
95346 6
95347 6
95348 7
95360 7
95361 5
95362 7
95364 6
95367 6
95368 6
95370 7
95371 7
95372 7
95374 7
95376 7
95378 7
95380 7
95381 6
95382 5
95384 5
95386 7
95387 6
95401 6
95402 6
95403 6
95406 5
95407 6
95408 6
95410 7
95412 5
95413 7
95416 6
95417 6
95418 6
95420 7
95421 6
95423 7
95426 6
95427 7
95428 6
95430 6
95431 6
95432 6
95436 4
95437 5
95438 6
95460 6
95461 6
95462 6
95463 5
95467 6
95468 5
95470 6
95471 6
95472 7
95473 6
95476 5
95478 6
95480 6
95481 7
95482 6
95483 5
95486 6
95487 6
95601 6
95602 6
95603 5
95604 6
95607 6
95608 7
95610 6
95612 6
95613 6
95614 6
95617 6
95618 7
95620 6
95621 6
95623 6
95624 7
95627 6
95628 6
95630 6
95631 6
95632 6
95634 4
95637 6
95638 6
95640 6
95641 7
95642 6
95643 5
95647 7
95648 7
95670 6
95671 6
95672 6
95673 6
95674 5
95678 4
95680 7
95681 7
95682 7
95683 7
95684 5
95687 6
95701 7
95702 7
95703 6
95704 6
95706 7
95708 7
95710 7
95712 6
95713 7
95714 6
95716 6
95718 7
95720 7
95721 7
95723 7
95724 6
95726 6
95728 7
95730 6
95731 6
95732 6
95734 5
95736 6
95738 6
95740 6
95741 7
95742 6
95743 6
95746 7
95748 7
95760 6
95761 6
95762 6
95763 6
95764 6
95768 5
95780 7
95781 7
95782 7
95783 7
95784 6
95786 6
95801 7
95802 7
95803 7
95804 6
95806 5
95807 6
95810 6
95812 7
95813 7
95814 5
95816 7
95817 6
95820 7
95821 6
95823 6
95824 6
95826 6
95827 6
95830 6
95831 6
95832 4
95834 5
95836 5
95837 5
95840 7
95841 7
95842 6
95843 7
95846 7
95847 6
95860 6
95861 6
95862 6
95863 6
95864 5
95867 6
95870 7
95871 7
95872 7
95873 6
95874 5
95876 5
96012 6
96013 7
96014 6
96015 7
96017 6
96018 6
96021 7
96023 6
96024 6
96025 6
96027 7
96028 7
96031 6
96032 5
96034 6
96035 6
96037 6
96038 5
96041 6
96042 6
96043 6
96045 7
96047 7
96048 6
96051 6
96052 6
96053 7
96054 6
96057 4
96058 6
96071 7
96072 7
96073 6
96074 5
96075 7
96078 7
96081 6
96082 6
96083 6
96084 6
96085 7
96087 6
96102 6
96103 6
96104 5
96105 6
96107 7
96108 7
96120 7
96123 7
96124 7
96125 7
96127 7
96128 7
96130 5
96132 6
96134 5
96135 6
96137 6
96138 6
96140 6
96142 5
96143 6
96145 7
96147 7
96148 6
96150 5
96152 6
96153 6
96154 6
96157 6
96158 7
96170 5
96172 6
96173 7
96174 7
96175 6
96178 7
96180 6
96182 6
96183 6
96184 6
96185 7
96187 6
96201 6
96203 6
96204 5
96205 6
96207 6
96208 4
96210 6
96213 7
96214 6
96215 6
96217 6
96218 5
96230 5
96231 6
96234 5
96235 6
96237 5
96238 5
96240 7
96241 5
96243 7
96245 6
96247 6
96248 6
96250 6
96251 6
96253 6
96254 6
96257 4
96258 5
96270 6
96271 6
96273 5
96274 5
96275 6
96278 5
96280 5
96281 5
96283 6
96284 5
96285 6
96287 5
96301 6
96302 6
96304 5
96305 7
96307 7
96308 7
96310 6
96312 6
96314 6
96315 7
96317 7
96318 7
96320 6
96321 7
96324 6
96325 7
96327 6
96328 6
96340 5
96341 7
96342 7
96345 5
96347 5
96348 7
96350 6
96351 7
96352 7
96354 6
96357 5
96358 6
96370 6
96371 6
96372 6
96374 6
96375 7
96378 6
96380 6
96381 7
96382 7
96384 5
96385 7
96387 6
96401 6
96402 6
96403 6
96405 7
96407 6
96408 6
96410 6
96412 5
96413 6
96415 6
96417 6
96418 6
96420 6
96421 6
96423 7
96425 7
96427 6
96428 7
96430 6
96431 6
96432 6
96435 6
96437 6
96438 6
96450 6
96451 7
96452 6
96453 4
96457 6
96458 6
96470 6
96471 6
96472 6
96473 6
96475 5
96478 6
96480 6
96481 6
96482 6
96483 5
96485 7
96487 6
96501 7
96502 6
96503 6
96504 6
96507 6
96508 6
96510 6
96512 7
96513 7
96514 6
96517 4
96518 7
96520 6
96521 7
96523 7
96524 7
96527 5
96528 6
96530 6
96531 6
96532 6
96534 5
96537 5
96538 4
96540 7
96541 7
96542 7
96543 6
96547 6
96548 6
96570 6
96571 5
96572 5
96573 6
96574 6
96578 5
96580 7
96581 6
96582 7
96583 6
96584 5
96587 6
96701 7
96702 7
96703 6
96704 6
96705 7
96708 6
96710 6
96712 7
96713 7
96714 7
96715 6
96718 7
96720 6
96721 7
96723 7
96724 6
96725 6
96728 7
96730 6
96731 7
96732 6
96734 5
96735 5
96738 6
96740 7
96741 6
96742 7
96743 6
96745 6
96748 7
96750 6
96751 5
96752 5
96753 6
96754 6
96758 5
96780 6
96781 7
96782 7
96783 6
96784 6
96785 6
96801 7
96802 7
96803 7
96804 7
96805 7
96807 6
96810 5
96812 7
96813 7
96814 6
96815 5
96817 6
96820 7
96821 7
96823 6
96824 6
96825 7
96827 6
96830 5
96831 5
96832 6
96834 4
96835 6
96837 5
96840 6
96841 7
96842 7
96843 7
96845 7
96847 6
96850 7
96851 7
96852 6
96853 7
96854 5
96857 6
96870 6
96871 7
96872 7
96873 6
96874 6
96875 6
97012 7
97013 6
97014 6
97015 7
97016 7
97018 5
97021 6
97023 7
97024 6
97025 7
97026 6
97028 7
97031 6
97032 6
97034 6
97035 6
97036 6
97038 6
97041 7
97042 6
97043 5
97045 7
97046 7
97048 7
97051 7
97052 6
97053 6
97054 6
97056 5
97058 6
97061 7
97062 6
97063 6
97064 6
97065 6
97068 6
97081 6
97082 7
97083 7
97084 6
97085 7
97086 6
97102 6
97103 7
97104 6
97105 6
97106 6
97108 7
97120 4
97123 6
97124 6
97125 6
97126 7
97128 7
97130 6
97132 5
97134 6
97135 6
97136 6
97138 6
97140 5
97142 6
97143 6
97145 6
97146 7
97148 7
97150 6
97152 7
97153 6
97154 6
97156 6
97158 6
97160 5
97162 6
97163 7
97164 6
97165 6
97168 5
97180 7
97182 7
97183 6
97184 4
97185 7
97186 5
97201 6
97203 6
97204 5
97205 7
97206 6
97208 5
97210 6
97213 6
97214 4
97215 7
97216 7
97218 6
97230 5
97231 5
97234 5
97235 6
97236 5
97238 5
97240 5
97241 6
97243 4
97245 6
97246 6
97248 6
97250 6
97251 6
97253 7
97254 5
97256 5
97258 4
97260 6
97261 7
97263 6
97264 6
97265 6
97268 6
97280 6
97281 7
97283 6
97284 5
97285 5
97286 6
97301 5
97302 5
97304 5
97305 6
97306 5
97308 7
97310 6
97312 5
97314 5
97315 7
97316 7
97318 7
97320 6
97321 6
97324 5
97325 7
97326 6
97328 7
97340 5
97341 6
97342 6
97345 5
97346 5
97348 6
97350 6
97351 7
97352 7
97354 6
97356 5
97358 6
97360 7
97361 6
97362 7
97364 6
97365 7
97368 6
97380 6
97381 7
97382 7
97384 6
97385 7
97386 7
97401 7
97402 6
97403 6
97405 5
97406 5
97408 5
97410 7
97412 5
97413 6
97415 6
97416 6
97418 5
97420 6
97421 7
97423 6
97425 5
97426 6
97428 5
97430 5
97431 6
97432 6
97435 6
97436 6
97438 6
97450 6
97451 7
97452 6
97453 5
97456 5
97458 6
97460 6
97461 6
97462 6
97463 4
97465 6
97468 6
97480 6
97481 6
97482 6
97483 6
97485 7
97486 7
97501 7
97502 7
97503 6
97504 7
97506 6
97508 6
97510 7
97512 6
97513 7
97514 6
97516 5
97518 7
97520 7
97521 7
97523 7
97524 6
97526 6
97528 6
97530 6
97531 4
97532 6
97534 5
97536 6
97538 5
97540 7
97541 6
97542 6
97543 6
97546 6
97548 6
97560 6
97561 6
97562 5
97563 6
97564 5
97568 3
97580 6
97581 6
97582 6
97583 6
97584 5
97586 4
97601 7
97602 7
97603 6
97604 6
97605 6
97608 6
97610 6
97612 7
97613 6
97614 7
97615 6
97618 6
97620 6
97621 7
97623 6
97624 7
97625 6
97628 6
97630 6
97631 7
97632 7
97634 4
97635 5
97638 6
97640 7
97641 5
97642 6
97643 6
97645 6
97648 7
97650 6
97651 6
97652 5
97653 6
97654 5
97658 4
97680 6
97681 7
97682 6
97683 6
97684 6
97685 5
97801 7
97802 7
97803 7
97804 6
97805 7
97806 7
97810 6
97812 6
97813 7
97814 6
97815 6
97816 5
97820 7
97821 7
97823 7
97824 6
97825 6
97826 5
97830 6
97831 6
97832 5
97834 5
97835 5
97836 4
97840 6
97841 7
97842 7
97843 7
97845 6
97846 7
97850 6
97851 5
97852 5
97853 7
97854 6
97856 6
97860 6
97861 6
97862 6
97863 6
97864 6
97865 6
98012 7
98013 6
98014 6
98015 6
98016 6
98017 4
98021 7
98023 6
98024 5
98025 6
98026 7
98027 5
98031 6
98032 6
98034 6
98035 7
98036 6
98037 6
98041 6
98042 6
98043 4
98045 7
98046 7
98047 6
98051 7
98052 5
98053 7
98054 6
98056 7
98057 6
98061 5
98062 5
98063 6
98064 5
98065 6
98067 5
98071 6
98072 6
98073 7
98074 7
98075 6
98076 6
98102 6
98103 6
98104 6
98105 7
98106 7
98107 5
98120 6
98123 6
98124 5
98125 7
98126 7
98127 5
98130 6
98132 5
98134 6
98135 5
98136 6
98137 5
98140 6
98142 7
98143 7
98145 6
98146 6
98147 6
98150 7
98152 7
98153 6
98154 6
98156 6
98157 4
98160 6
98162 6
98163 6
98164 5
98165 5
98167 5
98170 7
98172 7
98173 7
98174 6
98175 7
98176 7
98201 6
98203 6
98204 6
98205 6
98206 6
98207 6
98210 6
98213 6
98214 5
98215 7
98216 6
98217 6
98230 5
98231 6
98234 5
98235 5
98236 5
98237 5
98240 5
98241 4
98243 6
98245 7
98246 5
98247 7
98250 6
98251 7
98253 7
98254 5
98256 6
98257 6
98260 7
98261 6
98263 6
98264 6
98265 6
98267 5
98270 7
98271 6
98273 7
98274 4
98275 6
98276 6
98301 6
98302 4
98304 6
98305 7
98306 7
98307 7
98310 6
98312 6
98314 6
98315 7
98316 7
98317 7
98320 6
98321 7
98324 5
98325 7
98326 7
98327 6
98340 4
98341 6
98342 6
98345 7
98346 6
98347 6
98350 6
98351 7
98352 6
98354 5
98356 6
98357 5
98360 7
98361 7
98362 6
98364 5
98365 6
98367 6
98370 7
98371 7
98372 7
98374 4
98375 7
98376 6
98401 6
98402 5
98403 6
98405 7
98406 5
98407 6
98410 7
98412 7
98413 7
98415 7
98416 7
98417 6
98420 6
98421 7
98423 6
98425 7
98426 6
98427 5
98430 5
98431 6
98432 5
98435 5
98436 7
98437 6
98450 6
98451 6
98452 7
98453 7
98456 7
98457 6
98460 6
98461 6
98462 5
98463 7
98465 6
98467 5
98470 6
98471 7
98472 7
98473 6
98475 7
98476 6
98501 7
98502 7
98503 7
98504 6
98506 6
98507 5
98510 6
98512 7
98513 7
98514 5
98516 6
98517 5
98520 7
98521 7
98523 7
98524 6
98526 6
98527 5
98530 6
98531 5
98532 6
98534 5
98536 5
98537 4
98540 6
98541 7
98542 6
98543 7
98546 6
98547 5
98560 5
98561 6
98562 6
98563 5
98564 4
98567 6
98570 6
98571 6
98572 5
98573 6
98574 6
98576 5
98601 7
98602 6
98603 7
98604 7
98605 6
98607 6
98610 7
98612 6
98613 7
98614 6
98615 7
98617 6
98620 6
98621 6
98623 6
98624 6
98625 7
98627 7
98630 6
98631 5
98632 6
98634 4
98635 6
98637 5
98640 7
98641 7
98642 6
98643 7
98645 7
98647 6
98650 7
98651 7
98652 6
98653 7
98654 6
98657 6
98670 6
98671 7
98672 6
98673 6
98674 6
98675 6
98701 6
98702 7
98703 7
98704 7
98705 7
98706 6
98710 7
98712 7
98713 7
98714 6
98715 7
98716 7
98720 7
98721 7
98723 7
98724 7
98725 7
98726 7
98730 7
98731 6
98732 6
98734 5
98735 6
98736 6
98740 7
98741 6
98742 6
98743 6
98745 7
98746 6
98750 7
98751 6
98752 6
98753 7
98754 6
98756 7
98760 7
98761 6
98762 6
98763 6
98764 5
98765 6
